,0,1,2,3,4,5,6,7
0,کد نماد,گروه,گروه های صنعت,تابلو,نماد,نام لاتین,نماد,نام
1,IRB5IKCO8751,N2,خودرو و ساخت قطعات,فهرست اوليه,IKCQ1,Iran Khodro-D,62616504891233280,اوراق مشاركت ايران‌ خودرو
2,IRO1APPE0001,N2,رايانه و فعاليت‌هاي وابسته به آن,فهرست اوليه,APPE1,Asan Pardakht Pers,55254206302462116,آسان پرداخت پرشين
5,IRR1CONT0101,N1,ابزارپزشکي، اپتيکي و اندازه‌گيري,تابلو فرعي,CONX1,Iran Counter-R,57329318081089375,ح . كنتورسازي‌ايران‌
7,IRR1MKBT0101,N1,مخابرات,تابلو اصلي,MKBX1,Iran Tele Co.-R,45768538238520265,ح . مخابرات ايران
9,IRO1BKLA0001,N1,فعاليتهاي كمكي به نهادهاي مالي واسط,تابلو فرعي,BKLA1,Good Exch.Brk.,49869693814643443,كارگزاران بورس كالاي ايران
10,IRO1BALB0001,N1,بيمه وصندوق بازنشستگي به جزتامين اجتماعي,تابلو اصلي,BALB1,Alborz Bimeh,70270965300262393,بيمه البرز
11,IRR1BALB0101,N1,بيمه وصندوق بازنشستگي به جزتامين اجتماعي,تابلو اصلي,BABX1,Alborz Bimeh-R,12231544096052404,ح.بيمه البرز
12,IRO1OMID0001,N2,فعاليتهاي كمكي به نهادهاي مالي واسط,فهرست اوليه,OMID1,Investment Banking,18599703143458101,تامين سرمايه اميد
13,IRR1OMID0101,N2,فعاليتهاي كمكي به نهادهاي مالي واسط,فهرست اوليه,OMIX1,Inv. Banking -R,45104299259467366,ح . تامين سرمايه اميد
14,IRO1BAKH0001,N2,ماشين آلات و دستگاه‌هاي برقي,فهرست اوليه,BAKH1,Bakhtar Cable,751415341879364,كابل‌ باختر
15,IRR1BAKH0101,N2,ماشين آلات و دستگاه‌هاي برقي,فهرست اوليه,BAKX1,Bakhtar Cable-R,46858597966426366,ح . كابل‌ باختر
16,IRO1KALZ0001,N2,ماشين آلات و دستگاه‌هاي برقي,فهرست اوليه,KALZ1,Alborz Cable,62952165421099192,كابل‌ البرز
17,IRR1KALZ0101,N2,ماشين آلات و دستگاه‌هاي برقي,فهرست اوليه,KALX1,Alborz Cable-R,16471519272060905,ح . كابل‌ البرز
18,IRO1KBLI0001,N2,ماشين آلات و دستگاه‌هاي برقي,فهرست اوليه,KBLI1,Iran Cable,26711011601058186,كابلسازي‌ايران‌
19,IRR1KBLI0101,N2,ماشين آلات و دستگاه‌هاي برقي,فهرست اوليه,KBLX1,Iran Cable-R,5857871270392801,ح . كابلسازي‌ايران‌
20,IRO1TRNS0001,N1,ماشين آلات و دستگاه‌هاي برقي,تابلو اصلي,TRNS1,Iran Transfo,46752599569017089,ايران‌ ترانسفو
21,IRR1TRNS0101,N1,ماشين آلات و دستگاه‌هاي برقي,تابلو فرعي,TRNX1,Iran Transfo-R,53697601723435147,ح . ايران‌ ترانسفو
22,IRO1KTAK0001,N2,ماشين آلات و دستگاه‌هاي برقي,فهرست اوليه,KTAK1,Tak Cable,19734078707717188,كابلسازي‌ تك‌
23,IRR1KTAK0101,N2,ماشين آلات و دستگاه‌هاي برقي,فهرست اوليه,KTAX1,Tak Cable-R,8823734825807435,ح . كابلسازي‌ تك‌
24,IRO1JHRM0001,N2,عرضه برق، گاز، بخاروآب گرم,فهرست اوليه,JHRM1,Power Gen. Jarom,45118736321317244,توسعه مولد نيروگاهي جهرم
25,IRO1TTZC0001,N2,ماشين آلات و دستگاه‌هاي برقي,فهرست اوليه,TTZC1,Zangan Dist. Trans,64703398743024121,ترانسفورماتور توزيع زنگان
26,IRO1BRKT0001,N2,مواد و محصولات دارويي,فهرست اوليه,BRKT1,G.Barekat Pharm,34557241988629814,گروه دارويي بركت
27,IRR1BRKT0101,N2,مواد و محصولات دارويي,فهرست اوليه,BRKX1,G.Barekat Pharm-R,8981227815720204,ح . گروه دارويي بركت
28,IRO1SWIC0001,N2,ماشين آلات و دستگاه‌هاي برقي,فهرست اوليه,SWIC1,Pars Switch,47377315952751604,پارس‌سويچ‌
29,IRR1SWIC0101,N2,ماشين آلات و دستگاه‌هاي برقي,فهرست اوليه,SWIX1,Pars Switch-R,23484847504768205,ح . پارس‌سويچ‌
30,IRO1LAPS0001,N2,ماشين آلات و دستگاه‌هاي برقي,فهرست اوليه,LAPS1,Pars Shahab,69454539056549106,لامپ‌  پارس‌ شهاب‌
31,IRR1LAPS0101,N2,ماشين آلات و دستگاه‌هاي برقي,فهرست اوليه,LAPX1,Pars Shahab-R,39023890840208765,ح . لامپ‌  پارس‌ شهاب‌
32,IRO1BFJR0001,N2,عرضه برق، گاز، بخاروآب گرم,فهرست اوليه,BFJR1,Fajr Petrochemical,46178280540110577,پتروشيمي فجر
33,IRO1JOSH0001,N2,ماشين آلات و دستگاه‌هاي برقي,فهرست اوليه,JOSH1,Yazd Jooshkab,70219663893822560,صنايع‌جوشكاب‌يزد
34,IRR1JOSH0101,N2,ماشين آلات و دستگاه‌هاي برقي,فهرست اوليه,JOSX1,Yazd Jooshkab-R,29195987083197059,ح . صنايع‌جوشكاب‌يزد
35,IRO1KGND0001,N1,ماشين آلات و دستگاه‌هاي برقي,تابلو فرعي,KGND1,Ghandi Cables.,22382156782768756,كارخانجات توليدي شهيد قندي
36,IRR1KGND0101,N1,ماشين آلات و دستگاه‌هاي برقي,تابلو فرعي,KGNX1,Ghandi Cables.-R,65266756318187150,ح.كارخانجات توليدي شهيد قندي
37,IRO1MOTJ0001,N1,ماشين آلات و دستگاه‌هاي برقي,تابلو اصلي,MOTJ1,Motogen,22086876724551482,موتوژن‌
38,IRR1MOTJ0101,N1,ماشين آلات و دستگاه‌هاي برقي,تابلو اصلي,MOTX1,Motogen-R,1931037287459558,ح . موتوژن‌
39,IRO1NIRO0001,N1,ماشين آلات و دستگاه‌هاي برقي,تابلو فرعي,NIRO1,Nirou Trans,20453828618330936,نيروترانس‌
40,IRR1NIRO0101,N1,ماشين آلات و دستگاه‌هاي برقي,تابلو فرعي,NIRX1,Nirou Trans-R,46629374720083542,ح . نيروترانس‌
41,IRO1BORS0001,N1,فعاليتهاي كمكي به نهادهاي مالي واسط,تابلو اصلي,BORS1,Tehran Stock Exch.,60523145697836739,بورس اوراق بهادار تهران
42,IRO1ARTA0001,N2,لاستيك و پلاستيك,فهرست اوليه,ARTA1,Artavil Tire,29242941150825379,مجتمع‌صنعتي‌آرتاويل‌تاير
43,IRR1ARTA0101,N2,لاستيك و پلاستيك,فهرست اوليه,ARTX1,Artavil Tire-R,64910575313738889,ح . مجتمع‌صنعتي‌آرتاويل‌تاير
44,IRO1PARS0001,N2,محصولات شيميايي,فهرست اوليه,PARS1,PARS Petrochemical,6110133418282108,پتروشيمي پارس
45,IRO1PASN0001,N1,محصولات شيميايي,تابلو اصلي,PASN1,Parsian Oil&Gas,23441366113375722,گسترش نفت و گاز پارسيان
46,IRR1PASN0101,N1,محصولات شيميايي,تابلو اصلي,PASX1,Parsian Oil&Gas-R,36319830972593153,ح. گسترش نفت  و گاز پارسيان
47,IRO1IPAR0001,N1,بيمه وصندوق بازنشستگي به جزتامين اجتماعي,تابلو فرعي,IPAR1,Parsian,9481703061634967,بيمه پارسيان
48,IRR1IPAR0101,N1,بيمه وصندوق بازنشستگي به جزتامين اجتماعي,تابلو فرعي,IPAX1,Parsian-R,50201903966895115,ح.بيمه پارسيان
49,IRO1YASA0001,N2,لاستيك و پلاستيك,فهرست اوليه,YASA1,Iran Yasa Tire,63580313877463104,ايران‌ياساتايرورابر
50,IRR1YASA0101,N2,لاستيك و پلاستيك,فهرست اوليه,YASX1,Iran Yasa Tire-R,32338211917133256,ح . ايران‌ياساتايرورابر
51,IRO1PASH0001,N2,محصولات شيميايي,فهرست اوليه,PASH1,Paksho,62786156501584862,گروه صنعتي پاكشو
52,IRR1PASH0101,N2,محصولات شيميايي,فهرست اوليه,PAHX1,Paksho-R,4208841225215712,ح . گروه صنعتي پاكشو
53,IRO1TAIR0001,N2,لاستيك و پلاستيك,فهرست اوليه,TAIR1,Iran Tire,41935584690956944,ايران‌ تاير
54,IRR1TAIR0101,N1,لاستيك و پلاستيك,تابلو فرعي,TAIX1,Iran Tire-R,7503566413749235,ح . ايران‌ تاير
55,IRO1IPTR0001,N2,محصولات شيميايي,فهرست اوليه,IPTR1,Ir.Inv.Petr.,69143674941561637,گروه پتروشيمي س. ايرانيان
56,IRO1DRKH0001,N2,لاستيك و پلاستيك,فهرست اوليه,DRKH1,Derakhshan Teh.,24079409192818584,درخشان‌ تهران‌
57,IRR1DRKH0101,N2,لاستيك و پلاستيك,فهرست اوليه,DRKX1,Derakhshan Teh.-R,46023027311928862,ح . درخشان‌ تهران‌
58,IRO1DENA0001,N2,لاستيك و پلاستيك,فهرست اوليه,DENA1,Dena Tire,58120226425289272,توليدي‌لاستيك‌دنا
59,IRR1DENA0101,N2,لاستيك و پلاستيك,فهرست اوليه,DENX1,Dena Tire-R,13119207966484500,ح . توليدي‌لاستيك‌دنا
60,IRO1PRKT0001,N2,رايانه و فعاليت‌هاي وابسته به آن,فهرست اوليه,PRKT1,Behpardakht Mellat,59607545337891226,به پرداخت ملت
61,IRR1PRKT0101,N2,رايانه و فعاليت‌هاي وابسته به آن,فهرست اوليه,PRKX1,Behpardakht-R,34432997122108874,ح . به پرداخت ملت
62,IRO1AYEG0001,N1,سرمايه گذاريها,تابلو فرعي,AYEG1,Pardis Invsetment,15039949673085566,سرمايه گذاري پرديس
63,IRR1AYEG0101,N1,سرمايه گذاريها,تابلو فرعي,AYEX1,Ayegh Plastic-R,14819787164502995,ح .  سرمايه گذاري پرديس
64,IRO1PERS0001,N2,استخراج نفت گاز و خدمات جنبي جز اکتشاف,فهرست اوليه,PERS1,Oil&Gas Persia,10497143354080476,توسعه صنعت نفت و گاز پرشيا
65,IRO1SHND0001,N2,لاستيك و پلاستيك,فهرست اوليه,SHND1,Sahand Rubber,10120557300120078,صنايع‌ لاستيكي‌  سهند
66,IRR1SHND0101,N2,لاستيك و پلاستيك,فهرست اوليه,SHNX1,Sahand Rubber-R,67337799462256399,ح . صنايع‌ لاستيكي‌  سهند
67,IRO1SHIN0001,N2,لاستيك و پلاستيك,فهرست اوليه,SHIN1,Shahin Plastic,38196133309450513,پلاستيك‌  شاهين‌
68,IRR1SHIN0101,N2,لاستيك و پلاستيك,فهرست اوليه,SHIX1,Shahin Plastic-R,71208440662682926,ح . پلاستيك‌  شاهين‌
69,IRO1BARZ0001,N2,لاستيك و پلاستيك,فهرست اوليه,BARZ1,Kerman Tire,23214828924506640,گروه‌ صنعتي‌ بارز
70,IRR1BARZ0101,N2,لاستيك و پلاستيك,فهرست اوليه,BARX1,Kerman Tire-R,8676363345079392,ح . گروه‌ صنعتي‌ بارز
71,IRO1KVRZ0001,N2,لاستيك و پلاستيك,فهرست اوليه,KVRZ1,Kavir Tire,7235435095059069,كوير تاير
72,IRR1KVRZ0101,N2,لاستيك و پلاستيك,فهرست اوليه,KVRX1,Kavir Tire -R,41228676018429540,ح. كوير تاير
73,IRO1LALZ0001,N2,لاستيك و پلاستيك,فهرست اوليه,LALZ1,Alborz Tire,5208723461432451,لاستيك‌البرز
74,IRR1LALZ0101,N2,لاستيك و پلاستيك,فهرست اوليه,LALX1,Alborz Tire-R,41189775395878190,ح . لاستيك‌البرز
75,IRO1PLST0001,N2,لاستيك و پلاستيك,فهرست اوليه,PLST1,Plastiran,14419337127600051,پلاستيران‌
76,IRR1PLST0101,N2,لاستيك و پلاستيك,فهرست اوليه,PLSX1,Plastiran-R,37494506460682322,ح . پلاستيران‌
77,IRO1PLKK0001,N2,لاستيك و پلاستيك,فهرست اوليه,PLKK1,Plascokar Saipa,57722642338781674,پلاسكوكار
78,IRR1PLKK0101,N2,لاستيك و پلاستيك,فهرست اوليه,PLKX1,Plascokar Saipa-R,13778389952963406,ح . پلاسكوكار
79,IRO1GAZL0001,N2,لاستيك و پلاستيك,فهرست اوليه,GAZL1,Gazlouleh,5938543336901420,گازلوله‌
80,IRR1GAZL0101,N2,لاستيك و پلاستيك,فهرست اوليه,GAZX1,Gazlouleh-R,45851925911348490,ح . گازلوله‌
81,IRO1LYZD0001,N2,ماشين آلات و تجهيزات,فهرست اوليه,LYZD1,Yazd Tire,3681415009616010,مجتمع‌صنايع‌لاستيك‌يزد
82,IRO1PTAP0001,N2,محصولات شيميايي,فهرست اوليه,PTAP1,Tamin Petro.,22560050433388046,س. نفت و گاز و پتروشيمي تأمين
83,IRR1PTAP0101,N2,محصولات شيميايي,فهرست اوليه,PTAX1,Tamin Petro.-R,6491687805743913,ح . س.نفت وگازوپتروشيمي تأمين
84,IRO1SADR0001,N2,استخراج کانه هاي فلزي,فهرست اوليه,SADR1,Sadr Tamin Inv.,23293437377896568,سرمايه گذاري صدرتامين
85,IRO1TRIR0001,N1,ماشين آلات و تجهيزات,تابلو اصلي,TRIR1,Iran Tractor,19298748452450329,تراكتورسازي‌ايران‌
86,IRR1TRIR0101,N1,ماشين آلات و تجهيزات,تابلو اصلي,TRIX1,Iran Tractor -R,69858202392669780,ح . تراكتورسازي‌ايران‌
87,IRO1HPKO0001,N2,ماشين آلات و تجهيزات,فهرست اوليه,HPKO1,Hepco,6274378166234446,توليدتجهيزات‌سنگين‌هپكو
88,IRR1HPKO0101,N2,ماشين آلات و تجهيزات,فهرست اوليه,HPKX1,Hepco-R,44717433734548029,ح . توليدتجهيزات‌سنگين‌هپكو
89,IRO1PIRN0001,N2,ماشين آلات و تجهيزات,فهرست اوليه,PIRN1,Pumpiran,43062880954780884,پمپ‌ سازي‌ ايران‌
90,IRR1PIRN0101,N2,ماشين آلات و تجهيزات,فهرست اوليه,PIRX1,Pumpiran-R,47931755217693300,ح . پمپ‌ سازي‌ ايران‌
91,IRO1MOZI0001,N2,ماشين آلات و تجهيزات,فهرست اوليه,MOZI1,Iran Tractor M.,8106875813689926,ماشين‌آلات صنعتي تراكتورسازي‌
92,IRR1MOZI0101,N2,ماشين آلات و تجهيزات,فهرست اوليه,MOZX1,Iran Tractor M.-R,70508258744702923,ح.ماشين‌آلات صنعتي تراكتورسازي
93,IRO1FROZ0001,N2,ماشين آلات و تجهيزات,فهرست اوليه,FROZ1,Firouza,60938976068667707,فيروزا
94,IRR1FROZ0101,N2,ماشين آلات و تجهيزات,فهرست اوليه,FROX1,Firouza-R,58999606802857888,ح . فيروزا
95,IRO1TKLA0001,N1,فعاليتهاي كمكي به نهادهاي مالي واسط,تابلو فرعي,TKLA1,Good Exch.Prd.,67612261115225625,توليدكنندگان بورس كالاي ايران
96,IRO1GSKE0001,N2,ماشين آلات و تجهيزات,فهرست اوليه,GSKE1,A. I. S. D.,62258804563636993,گسترش‌صنايع‌وخدمات‌كشاورزي‌
97,IRR1GSKE0101,N2,ماشين آلات و تجهيزات,فهرست اوليه,GSKX1,A. I. S. D.-R,66191028275418950,ح . صنايع‌وخدمات‌كشاورزي‌
98,IRO1COMB0001,N2,ماشين آلات و تجهيزات,فهرست اوليه,COMB1,Iran Combine,30719054967088301,كمباين‌ سازي‌ ايران‌
99,IRR1COMB0101,N2,ماشين آلات و تجهيزات,فهرست اوليه,COMX1,Iran Combine-R,70480481633645190,ح . كمباين‌ سازي‌ ايران‌
100,IRO1TKNO0001,N2,ماشين آلات و تجهيزات,فهرست اوليه,TKNO1,Technotar,3654864906585643,تكنوتار
101,IRR1TKNO0101,N2,ماشين آلات و تجهيزات,فهرست اوليه,TKNX1,Technotar-R,21727652065573865,ح . تكنوتار
102,IRO1MNMH0001,N2,ماشين آلات و تجهيزات,فهرست اوليه,MNMH1,Niromohareke M.,15826229869421585,ماشين‌سازي‌نيرومحركه‌
103,IRR1MNMH0101,N2,ماشين آلات و تجهيزات,فهرست اوليه,MNMX1,Niromohareke M.-R,58349566728384453,ح . ماشين‌سازي‌نيرومحركه‌
104,IRO1TNOV0001,N2,فعاليتهاي كمكي به نهادهاي مالي واسط,فهرست اوليه,TNOV1,Novin Investment,25357135030606405,تامين سرمايه نوين
105,IRO1DTIP0001,N1,مواد و محصولات دارويي,تابلو فرعي,DTIP1,Tamin Daroo,29758477602878557,سرمايه گذاري دارويي تامين
106,IRO1ABAD0001,N2,انبوه سازي، املاك و مستغلات,فهرست اوليه,ABAD1,Abadgaran,59612098290740355,توريستي ورفاهي آبادگران ايران
107,IRR1ABAD0101,N1,انبوه سازي، املاك و مستغلات,تابلو فرعي,ABAX1,Abadgaran-R,34429961038727682,ح . ‌توريستي‌ورفاهي‌آبادگران‌
108,IRO1BSTE0001,N2,انبوه سازي، املاك و مستغلات,فهرست اوليه,BSTE1,Int. Const.,17800036702302776,بين‌المللي‌توسعه‌ساختمان
109,IRR1BSTE0101,N2,انبوه سازي، املاك و مستغلات,فهرست اوليه,BSTX1,Int. Const.-R,68798377122760225,ح . بين‌المللي‌توسعه‌ساختمان
110,IRO1SAJN0001,N2,انبوه سازي، املاك و مستغلات,فهرست اوليه,SAJN1,Sakht Ajand,22215980602177059,سخت‌ آژند
111,IRR1SAJN0101,N2,انبوه سازي، املاك و مستغلات,فهرست اوليه,SAJX1,Sakht Ajand-R,26257365377629881,ح . سخت‌ آژند
112,IRO1SESF0001,N2,انبوه سازي، املاك و مستغلات,فهرست اوليه,SESF1,Isfahan Const.,7424617629476020,ساختمان‌ اصفهان‌
113,IRR1SESF0101,N2,انبوه سازي، املاك و مستغلات,فهرست اوليه,SESX1,Isfahan Const.-R,22328556318373924,ح . ‌ ساختمان‌ اصفهان‌
114,IRO1SGOS0001,N2,انبوه سازي، املاك و مستغلات,فهرست اوليه,SGOS1,Saman Gostar,66456062140680461,سامان‌ گستراصفهان‌
115,IRR1SGOS0101,N1,انبوه سازي، املاك و مستغلات,تابلو فرعي,SGOX1,Saman Gostar-R,50193280705263642,ح . سامان‌ گستراصفهان‌
116,IRO1SAHD0001,N1,انبوه سازي، املاك و مستغلات,تابلو اصلي,SAHD1,Shahed Inv.,63481599728522324,سرمايه‌ گذاري‌ شاهد
117,IRR1SAHD0101,N1,انبوه سازي، املاك و مستغلات,تابلو اصلي,SAHX1,Shahed Inv.-R,28593434160948209,ح . سرمايه‌ گذاري‌ شاهد
118,IRO1PMSZ0001,N2,انبوه سازي، املاك و مستغلات,فهرست اوليه,PMSZ1,Maskan Invest.,6043384171800349,سرمايه گذاري مسكن شمال شرق
119,IRR1PMSZ0101,N2,انبوه سازي، املاك و مستغلات,فهرست اوليه,PMSX1,Maskan Invest.-R,35030544513071961,ح. سرمايه گذاري مسكن شمال شرق
120,IRO1OFRS0001,N2,انبوه سازي، املاك و مستغلات,فهرست اوليه,OFRS1,Fars Dev.,30852391633490755,عمران‌وتوسعه‌فارس‌
121,IRR1OFRS0101,N1,انبوه سازي، املاك و مستغلات,تابلو فرعي,OFRX1,Fars Dev.-R,39191249877936167,ح . عمران‌وتوسعه‌فارس‌
122,IRO1MSKN0001,N1,انبوه سازي، املاك و مستغلات,تابلو اصلي,MSKN1,Housing Inv.,3863538898378476,سرمايه‌گذاري‌ مسكن‌
123,IRR1MSKN0101,N1,انبوه سازي، املاك و مستغلات,تابلو اصلي,MSKX1,Housing Inv.-R,28570444064425663,ح . سرمايه‌گذاري‌ مسكن‌
124,IRO1BMLI0001,N2,انبوه سازي، املاك و مستغلات,فهرست اوليه,BMLI1,Melli Industry,8403167990439117,بين المللي ساختمان و صنعت ملي
125,IRO1NSTH0001,N2,انبوه سازي، املاك و مستغلات,فهرست اوليه,NSTH1,Tehran Const.,32845891587040106,نوسازي‌وساختمان‌تهران‌
126,IRR1NSTH0101,N2,انبوه سازي، املاك و مستغلات,فهرست اوليه,NSTX1,Tehran Const.-R,4325911723150569,ح . نوسازي‌وساختمان‌تهران‌
127,IRO1PJMZ0001,N2,محصولات شيميايي,فهرست اوليه,PJMZ1,Jam Petr.,32357363984168442,پتروشيمي جم
128,IRO1JPPC0001,N2,محصولات شيميايي,فهرست اوليه,JPPC1,Jam Pilen,27096851668435724,پلي پروپيلن جم - جم پيلن
129,IRR1PJMZ0101,N2,محصولات شيميايي,فهرست اوليه,PJMX1,Jam Petr - R,39154317701922264,ح . پتروشيمي جم
130,IRO1OFST0001,N2,انتشار، چاپ و تکثير,فهرست اوليه,OFST1,Offset,23936607891892333,افست‌
131,IRR1OFST0101,N2,انتشار، چاپ و تکثير,فهرست اوليه,OFSX1,Offset-R,26972528518663385,ح . افست‌
132,IRO1BPRS0001,N2,محصولات كاغذي,فهرست اوليه,BPRS1,Pars Packing,68102953053087817,بسته‌ بندي‌ پارس‌
133,IRR1BPRS0101,N2,محصولات كاغذي,فهرست اوليه,BPRX1,Pars Packing-R,57715478894469223,ح . بسته‌ بندي‌ پارس‌
134,IRO1CHDN0001,N2,ساخت محصولات فلزي,فهرست اوليه,CHDN1,producing CHDN,12329519546621752,توليدي چدن سازان
135,IRO1FIBR0001,N2,محصولات چوبي,فهرست اوليه,FIBR1,Iran Board,64358061873294912,فيبر ايران‌
136,IRR1FIBR0101,N2,محصولات چوبي,فهرست اوليه,FIBX1,Iran Board-R,54424603805821073,ح . فيبر ايران‌
137,IRO1KMSH0001,N2,محصولات كاغذي,فهرست اوليه,KMSH1,Mashad Carton,45709267601703167,كارتن‌ مشهد
138,IRR1KMSH0101,N2,محصولات كاغذي,فهرست اوليه,KMSX1,Mashad Carton-R,23525504731363137,ح . كارتن‌ مشهد
139,IRO1KRTI0001,N2,محصولات كاغذي,فهرست اوليه,KRTI1,Iran Carton,53113471126689455,كارتن‌ ايران‌
140,IRR1KRTI0101,N2,محصولات كاغذي,فهرست اوليه,KRTX1,Iran Carton-R,32080380326575683,ح . كارتن‌ ايران‌
141,IRO1KSKA0001,N2,محصولات كاغذي,فهرست اوليه,KSKA1,Kaveh Paper,24254843881948059,صنايع‌كاغذسازي‌كاوه‌
142,IRR1KSKA0101,N2,محصولات كاغذي,فهرست اوليه,KSKX1,Kaveh Paper-R,5648656842888275,ح . صنايع‌كاغذسازي‌كاوه‌
143,IRO1NEOP0001,N2,محصولات چوبي,فهرست اوليه,NEOP1,Bahman Neopan,62884523179768200,نيوپان‌ 22 بهمن‌
144,IRR1NEOP0101,N2,محصولات چوبي,فهرست اوليه,NEOX1,Bahman Neopan-R,9807139177747641,ح . نيوپان‌ 22 بهمن‌
145,IRO1HJPT0001,N2,حمل ونقل، انبارداري و ارتباطات,فهرست اوليه,HJPT1,Petr. Tran.,16369313804633525,حمل و نقل پتروشيمي( سهامي عام
146,IRR1HJPT0101,N2,حمل ونقل، انبارداري و ارتباطات,فهرست اوليه,HJPX1,Petr. Tran.-R,25129304172501430,ح . حمل و نقل پتروشيمي
147,IRO1TAYD0001,N1,حمل ونقل، انبارداري و ارتباطات,تابلو اصلي,TAYD1,Tidewater,3722699128879020,تايدواترخاورميانه
148,IRR1TAYD0101,N1,حمل ونقل، انبارداري و ارتباطات,تابلو اصلي,TAYX1,Tidewater-R,66234625721697786,ح . تايدواترخاورميانه‌
149,IRO1HTOK0001,N2,حمل ونقل، انبارداري و ارتباطات,فهرست اوليه,HTOK1,Tuka Trans.,22260326095996531,حمل‌ونقل‌توكا
150,IRR1HTOK0101,N2,حمل ونقل، انبارداري و ارتباطات,فهرست اوليه,HTOX1,Tuka Trans.-R,42892937789646488,ح . حمل‌ونقل‌توكا
151,IRO1HFRS0001,N2,حمل ونقل، انبارداري و ارتباطات,فهرست اوليه,HFRS1,Khalij Fars Trans,35424116338766901,حمل و نقل بين المللي خليج فارس
152,IRO1HSHM0001,N1,استخراج نفت گاز و خدمات جنبي جز اکتشاف,تابلو اصلي,HSHM1,North Drilling,28809886765682162,حفاري شمال
153,IRR1HSHM0101,N1,استخراج نفت گاز و خدمات جنبي جز اکتشاف,تابلو اصلي,HSHX1,North Drilling-R,43667708360002073,ح . حفاري شمال
154,IRO1KFJR0001,N1,حمل و نقل آبي,تابلو فرعي,KFJR1,IRI Marine Co.,60968111020776674,كشتيراني والفجر
155,IRO1KSHJ0001,N2,حمل ونقل، انبارداري و ارتباطات,فهرست اوليه,KSHJ1,IRI Marine Co.,60610861509165508,كشتيراني جمهوري اسلامي ايران
156,IRR1KSHJ0101,N2,حمل ونقل، انبارداري و ارتباطات,فهرست اوليه,KSHX1,IRI Marine Co.-R,14364842601603807,ح . كشتيراني ج. ا. ا
157,IRO1AZIN0001,N2,خودرو و ساخت قطعات,فهرست اوليه,AZIN1,Saipa Azin,42075223783409640,سايپاآذين‌
158,IRR1AZIN0101,N2,خودرو و ساخت قطعات,فهرست اوليه,AZIX1,Saipa Azin-R,22129017544200,ح . سايپاآذين‌
159,IRO1ATIR0001,N1,خودرو و ساخت قطعات,تابلو فرعي,ATIR1,Iran Tractor F.,7483280423474368,آهنگري‌ تراكتورسازي‌ ايران‌
160,IRR1ATIR0101,N1,خودرو و ساخت قطعات,تابلو فرعي,ATIX1,Iran Tractor F.-R,29716513021318095,ح . آهنگري تراكتورسازي‌ ايران‌
161,IRO1KAVR0001,N2,خودرو و ساخت قطعات,فهرست اوليه,KAVR1,Iran Khodro D.,67059303301834130,ايران‌ خودروديزل‌
162,IRR1KAVR0101,N2,خودرو و ساخت قطعات,فهرست اوليه,KAVX1,Iran Khodro D.-R,726401865204843,ح . ايران‌ خودروديزل‌
163,IRO1BHMN0001,N1,خودرو و ساخت قطعات,تابلو اصلي,BHMN1,Bahman Group,26824673819862694,گروه‌بهمن‌
164,IRR1BHMN0101,N1,خودرو و ساخت قطعات,تابلو اصلي,BHMX1,Bahman Group-R,12964716133621704,ح . گروه‌بهمن‌
165,IRO1PKOD0001,N2,خودرو و ساخت قطعات,فهرست اوليه,PKOD1,Pars Khodro,42354736493447489,پارس‌ خودرو
166,IRR1PKOD0101,N2,خودرو و ساخت قطعات,فهرست اوليه,PKOX1,Pars Khodro-R,25449662823397465,ح . پارس‌ خودرو
167,IRO1SZPO0001,N2,خودرو و ساخت قطعات,فهرست اوليه,SZPO1,Sazeh Pouyesh,4758266259250794,سازه‌ پويش‌
168,IRR1SZPO0101,N2,خودرو و ساخت قطعات,فهرست اوليه,SZPX1,Sazeh Pouyesh-R,6803271730717705,ح . سازه‌ پويش‌
169,IRO1RTIR0001,N2,خودرو و ساخت قطعات,فهرست اوليه,RTIR1,I. T. Foundry,22903901709044823,ريخته‌گري‌ تراكتورسازي‌ ايران‌
170,IRR1RTIR0101,N1,خودرو و ساخت قطعات,تابلو فرعي,RTIX1,I. T. Foundry-R,41858326436945277,ح . ريخته‌گري‌ تراكتورسازي‌
171,IRO1RADI0001,N2,خودرو و ساخت قطعات,فهرست اوليه,RADI1,Iran Radiator,50185721305191887,رادياتور ايران‌
172,IRR1RADI0101,N2,خودرو و ساخت قطعات,فهرست اوليه,RADX1,Iran Radiator-R,2262715289665960,ح . رادياتور ايران‌
173,IRO1GHAT0001,N1,خودرو و ساخت قطعات,تابلو فرعي,GHAT1,Iran Auto-Parts,70289374539527245,قطعات‌ اتومبيل‌ ايران‌
174,IRR1GHAT0101,N1,خودرو و ساخت قطعات,تابلو فرعي,GHAX1,Iran Auto-Parts-R,56449205771773651,ح . قطعات‌ اتومبيل‌ ايران‌
175,IRO1CHAR0001,N1,خودرو و ساخت قطعات,تابلو فرعي,CHAR1,Charkheshgar,33783140337377394,چرخشگر
176,IRR1CHAR0101,N1,خودرو و ساخت قطعات,تابلو فرعي,CHAX1,Charkheshgar-R,14865390259501860,ح . چرخشگر
177,IRO1KRSN0001,N2,محصولات شيميايي,فهرست اوليه,KRSN1,Khorasan Petro.,43552974795606067,پتروشيمي خراسان
178,IRO1RIIR0001,N2,خودرو و ساخت قطعات,فهرست اوليه,RIIR1,Iran Casting,12752224677923341,صنايع‌ريخته‌گري‌ايران‌
179,IRR1RIIR0101,N2,خودرو و ساخت قطعات,فهرست اوليه,RIIX1,Iran Casting-R,12041217376571987,ح . صنايع‌ريخته‌گري‌ايران‌
180,IRO1RINM0001,N2,خودرو و ساخت قطعات,فهرست اوليه,RINM1,Mashad Wheel,45895339414786358,رينگ‌سازي‌مشهد
181,IRR1RINM0101,N2,خودرو و ساخت قطعات,فهرست اوليه,RINX1,Mashad Wheel-R,26142199530487668,ح . رينگ‌سازي‌مشهد
182,IRO1ZMYD0001,N1,خودرو و ساخت قطعات,تابلو فرعي,ZMYD1,Zamyad,2589887561569709,زامياد
183,IRR1ZMYD0101,N1,خودرو و ساخت قطعات,تابلو فرعي,ZMYX1,Zamyad-R,38005238879860126,ح . زامياد
184,IRO1FNAR0001,N2,خودرو و ساخت قطعات,فهرست اوليه,FNAR1,Zar Spring,32821908911812078,فنرسازي‌زر
185,IRR1FNAR0101,N2,خودرو و ساخت قطعات,فهرست اوليه,FNAX1,Zar Spring-R,24734871905109354,ح . فنرسازي‌زر
186,IRO1SIPA0001,N1,خودرو و ساخت قطعات,تابلو فرعي,SIPA1,Saipa,44891482026867833,سايپا
187,IRR1SIPA0101,N1,خودرو و ساخت قطعات,تابلو فرعي,SIPX1,Saipa-R,590761101519570,ح . سايپا
188,IRO1KHSH0001,N2,خودرو و ساخت قطعات,فهرست اوليه,KHSH1,E. Kh. Shargh,63915926161403347,الكتريك‌ خودرو شرق‌
189,IRR1KHSH0101,N2,خودرو و ساخت قطعات,فهرست اوليه,KHSX1,E. Kh. Shargh-R,36675444072965904,ح . الكتريك‌ خودرو شرق‌
190,IRO1SDRA0001,N2,پيمانكاري صنعتي,فهرست اوليه,SDRA1,SADRA,25165947991415904,حذف-صنعتي‌ دريايي‌ ايران‌
191,IRR1SDRA0101,N2,پيمانكاري صنعتي,فهرست اوليه,SDRX1,SADRA-R,17184779097179305,حذف-ح . صنعتي‌ دريايي‌ ايران‌
192,IRO1KFAN0001,N2,خودرو و ساخت قطعات,فهرست اوليه,KFAN1,Khavar Spring,28033133021443774,فنرسازي‌خاور
193,IRR1KFAN0101,N2,خودرو و ساخت قطعات,فهرست اوليه,KFAX1,Khavar Spring-R,61581369333689993,ح . فنرسازي‌خاور
194,IRO1KRIR0001,N1,خودرو و ساخت قطعات,تابلو فرعي,KRIR1,Irka Part,59217041815333317,ايركا پارت صنعت
195,IRR1KRIR0101,N1,خودرو و ساخت قطعات,تابلو فرعي,KRIX1,Irka Part -R,44678870441030319,ح.ايركا پارت صنعت
196,IRO1SPDZ0001,N2,خودرو و ساخت قطعات,فهرست اوليه,SPDZ1,Saipa Diesel,51922189364308501,سايپا ديزل‌
197,IRR1SPDZ0101,N2,خودرو و ساخت قطعات,فهرست اوليه,SPDX1,Saipa Diesel-R,46052543236360331,ح . سايپا ديزل‌
198,IRO1INDM0001,N2,خودرو و ساخت قطعات,فهرست اوليه,INDM1,Indamin,19257295292088310,كمك‌فنرايندامين‌
199,IRR1INDM0101,N2,خودرو و ساخت قطعات,فهرست اوليه,INDX1,Indamin-R,1852132120586484,ح . كمك‌فنرايندامين‌
200,IRO1GOST0001,N1,خودرو و ساخت قطعات,تابلو اصلي,GOST1,Iran Kh. Inv.,48990026850202503,گسترش‌سرمايه‌گذاري‌ايران‌خودرو
201,IRR1GOST0101,N1,خودرو و ساخت قطعات,تابلو اصلي,GOSX1,Iran Kh. Inv.-R,17237314339763699,ح . سرمايه‌گذاري‌ايران‌خودرو
202,IRO1LENT0001,N2,خودرو و ساخت قطعات,فهرست اوليه,LENT1,Iran Brake L.,14957056743925737,لنت‌ ترمزايران‌
203,IRR1LENT0101,N2,خودرو و ساخت قطعات,فهرست اوليه,LENX1,Iran Brake L.-R,36110870923892956,ح . لنت‌ ترمزايران‌
204,IRO1NMOH0001,N1,خودرو و ساخت قطعات,تابلو فرعي,NMOH1,Nirou Moharreke,39436183727126211,نيرو محركه‌
205,IRR1NMOH0101,N1,خودرو و ساخت قطعات,تابلو فرعي,NMOX1,Nirou Moharreke-R,37350268082014292,ح . نيرو محركه‌
206,IRO1TMKH0001,N1,خودرو و ساخت قطعات,تابلو فرعي,TMKH1,VAMCO,7457232989848872,توليدمحورخودرو
207,IRR1TMKH0101,N1,خودرو و ساخت قطعات,تابلو فرعي,TMKX1,VAMCO-R,71186910349639777,ح . توليدمحورخودرو
208,IRO1MHKM0001,N2,خودرو و ساخت قطعات,فهرست اوليه,MHKM1,Mehrcam Pars,17330546482145553,مهركام‌پارس‌
209,IRR1MHKM0101,N2,خودرو و ساخت قطعات,فهرست اوليه,MHKX1,Mehrcam Pars-R,50722377181482963,ح . مهركام‌پارس‌
210,IRO1MSTI0001,N1,خودرو و ساخت قطعات,تابلو فرعي,MSTI1,Motorsazan,57273529732791251,موتورسازان‌تراكتورسازي‌ايران‌
211,IRR1MSTI0101,N1,خودرو و ساخت قطعات,تابلو فرعي,MSTX1,Motorsazan-R,62221150547292335,ح . موتورسازان‌تراكتورسازي‌
212,IRO1MNSR0001,N2,خودرو و ساخت قطعات,فهرست اوليه,MNSR1,Nasir Machine,17834623106317041,مهندسي‌نصيرماشين‌
213,IRR1MNSR0101,N2,خودرو و ساخت قطعات,فهرست اوليه,MNSX1,Nasir Machine-R,13010835010902276,ح . مهندسي‌نصيرماشين‌
214,IRO1IKCO0001,N1,خودرو و ساخت قطعات,تابلو فرعي,IKCO1,Iran Khodro,65883838195688438,ايران‌ خودرو
215,IRR1IKCO0101,N2,خودرو و ساخت قطعات,فهرست اوليه,IKCX1,Iran Khodro-R,12088545433107773,ح . ايران‌ خودرو
216,IRO1MESI0001,N2,خودرو و ساخت قطعات,فهرست اوليه,MESI1,Iran Kh. A. M.,31879190587976736,محورسازان‌ايران‌خودرو
217,IRR1MESI0101,N2,خودرو و ساخت قطعات,فهرست اوليه,MESX1,Iran Kh. A. M.-R,23552683239901730,ح . محورسازان‌ايران‌خودرو
218,IRO1DABO0001,N2,مواد و محصولات دارويي,فهرست اوليه,DABO1,Abouraihan P.,61332057061846617,داروسازي‌ ابوريحان‌
219,IRR1DABO0101,N2,مواد و محصولات دارويي,فهرست اوليه,DABX1,Abouraihan P.-R,32679348534913643,ح . داروسازي‌ ابوريحان‌
220,IRO1DPAK0001,N2,مواد و محصولات دارويي,فهرست اوليه,DPAK1,Daroupakhsh P.,67988012428906654,كارخانجات‌داروپخش‌
221,IRR1DPAK0101,N2,مواد و محصولات دارويي,فهرست اوليه,DPAX1,Daroupakhsh P.-R,2501017203331667,ح . كارخانجات‌داروپخش
222,IRO1DOSE0001,N2,مواد و محصولات دارويي,فهرست اوليه,DOSE1,Osvah Pharm.,12387472624849835,داروسازي‌ اسوه‌
223,IRR1DOSE0101,N2,مواد و محصولات دارويي,فهرست اوليه,DOSX1,Osvah Pharm.-R,11936058301634784,ح . داروسازي‌ اسوه‌
224,IRO1DALZ0001,N1,مواد و محصولات دارويي,تابلو فرعي,DALZ1,Alborz Darou,60451823714332895,البرزدارو
225,IRR1DALZ0101,N1,مواد و محصولات دارويي,تابلو فرعي,DALX1,Alborz Darou-R,3362850293262749,ح . البرزدارو
226,IRO1AMIN0001,N1,مواد و محصولات دارويي,تابلو فرعي,AMIN1,Amin Pharm.,50100062518826135,داروسازي‌ امين‌
227,IRR1AMIN0101,N1,مواد و محصولات دارويي,تابلو فرعي,AMIX1,Amin Pharm.-R,41673962293011307,ح . داروسازي‌ امين‌
228,IRO1BDAN0001,N1,بيمه وصندوق بازنشستگي به جزتامين اجتماعي,تابلو فرعي,BDAN1,Dana Insurance,48511238766369097,بيمه دانا
229,IRR1BDAN0101,N1,بيمه وصندوق بازنشستگي به جزتامين اجتماعي,تابلو فرعي,BDAX1,Dana Insurance-R,46262771961973371,ح . بيمه دانا
230,IRO1PDRO0001,N2,مواد و محصولات دارويي,فهرست اوليه,PDRO1,Pars Darou,70474983732269112,پارس‌ دارو
231,IRR1PDRO0101,N2,مواد و محصولات دارويي,فهرست اوليه,PDRX1,Pars Darou-R,22026498789176614,ح . پارس‌ دارو
232,IRO1TMVD0001,N2,مواد و محصولات دارويي,فهرست اوليه,TMVD1,Daroupakhash I.,34641719089573667,توليدمواداوليه‌داروپخش‌
233,IRR1TMVD0101,N2,مواد و محصولات دارويي,فهرست اوليه,TMVX1,Daroupakhash I.-R,18154205800023055,ح . توليدمواداوليه‌داروپخش‌
234,IRO1THDR0001,N2,مواد و محصولات دارويي,فهرست اوليه,THDR1,Tehran Darou,26114418513020265,داروسازي‌ تهران‌ دارو
235,IRR1THDR0101,N2,مواد و محصولات دارويي,فهرست اوليه,THDX1,Tehran Darou-R,11929836650963758,ح . داروسازي‌ تهران‌ دارو
236,IRO1DJBR0001,N1,مواد و محصولات دارويي,تابلو اصلي,DJBR1,Jaber Hayan P.,33406621820337161,داروسازي‌ جابرابن‌حيان‌
237,IRR1DJBR0101,N1,مواد و محصولات دارويي,تابلو اصلي,DJBX1,Jaber Hayan P.-R,18079534829579164,ح . داروسازي‌ جابرابن‌حيان‌
238,IRO1DAML0001,N2,مواد و محصولات دارويي,فهرست اوليه,DAML1,Damloran Pharm.,66450490505950110,داروسازي زاگرس فارمد پارس
239,IRR1DAML0101,N2,مواد و محصولات دارويي,فهرست اوليه,DAMX1,Damloran Pharm.-R,21533807502850906,ح . داروسازي زاگرس فارمد پارس
240,IRO1DRZK0001,N2,مواد و محصولات دارويي,فهرست اوليه,DRZK1,Razak Lab.,22255783119783047,دارويي‌ رازك‌
241,IRR1DRZK0101,N2,مواد و محصولات دارويي,فهرست اوليه,DRZX1,Razak Lab.-R,38007943162762758,ح . دارويي‌ رازك‌
242,IRO1ROZD0001,N2,مواد و محصولات دارويي,فهرست اوليه,ROZD1,Rouz Darou P.,40262275031537922,داروسازي‌ روزدارو
243,IRR1ROZD0101,N2,مواد و محصولات دارويي,فهرست اوليه,ROZX1,Rouz Darou P.-R,63452629875913229,ح . داروسازي‌ روزدارو
244,IRO1DZAH0001,N2,مواد و محصولات دارويي,فهرست اوليه,DZAH1,Zahravi Phar.,8915450910866216,داروسازي‌زهراوي‌
245,IRR1DZAH0101,N2,مواد و محصولات دارويي,فهرست اوليه,DZAX1,Zahravi Phar.-R,48879205486884942,ح . ‌داروسازي‌زهراوي‌
246,IRO1DSOB0001,N1,مواد و محصولات دارويي,تابلو اصلي,DSOB1,Sobhan Pharm.,43622578471330344,گروه دارويي سبحان
247,IRR1DSOB0101,N1,مواد و محصولات دارويي,تابلو اصلي,DSOX1,Sobhan Pharm.-R,51063357877632134,ح .گروه دارويي سبحان
248,IRO1DSBH0001,N2,مواد و محصولات دارويي,فهرست اوليه,DSBH1,Sobhan Pharm,5866848234665627,سبحان دارو
249,IRR1DSBH0101,N2,مواد و محصولات دارويي,فهرست اوليه,DSBX1,Sobhan Pharm-R,36667862403660976,ح. سبحان دارو
250,IRO1DSIN0001,N2,مواد و محصولات دارويي,فهرست اوليه,DSIN1,Sina Darou Lab.,11432067920374603,داروسازي‌ سينا
251,IRR1DSIN0101,N2,مواد و محصولات دارويي,فهرست اوليه,DSIX1,Sina Darou Lab.-R,54299437423394846,ح . داروسازي‌ سينا
252,IRO1DDPK0001,N2,مواد و محصولات دارويي,فهرست اوليه,DDPK1,Daroupakhsh,33603212156438463,شيمي‌ داروئي‌ داروپخش‌
253,IRR1DDPK0101,N2,مواد و محصولات دارويي,فهرست اوليه,DDPX1,Daroupakhsh-R,16630588761222078,ح . شيمي‌ داروئي‌ داروپخش‌
254,IRO1ABDI0001,N2,مواد و محصولات دارويي,فهرست اوليه,ABDI1,Dr. Abidi Lab.,49054891736433700,لابراتوارداروسازي‌  دكترعبيدي‌
255,IRR1ABDI0101,N2,مواد و محصولات دارويي,فهرست اوليه,ABDX1,Dr. Abidi Lab.-R,7585208964980608,ح . داروسازي‌ دكترعبيدي‌
256,IRO1DFRB0001,N1,مواد و محصولات دارويي,تابلو فرعي,DFRB1,Farabi Pharm.,56550776668133562,داروسازي‌ فارابي‌
257,IRR1DFRB0101,N1,مواد و محصولات دارويي,تابلو فرعي,DFRX1,Farabi Pharm.-R,38285971158073841,ح . داروسازي‌ فارابي‌
258,IRO1FTIR0001,N2,مواد و محصولات دارويي,فهرست اوليه,FTIR1,Iran Parenteral,18303237082155264,فرآورده‌هاي‌ تزريقي‌ ايران‌
259,IRR1FTIR0101,N2,مواد و محصولات دارويي,فهرست اوليه,FTIX1,Iran Parenteral-R,54711449369613330,ح . فرآورده‌هاي‌ تزريقي‌
260,IRO1DKSR0001,N1,مواد و محصولات دارويي,تابلو فرعي,DKSR1,Kowsar Pharm.,23353689102956991,داروسازي‌ كوثر
261,IRR1DKSR0101,N1,مواد و محصولات دارويي,تابلو فرعي,DKSX1,Kowsar Pharm.-R,26314668128957507,ح . داروسازي‌ كوثر
262,IRO1KIMI0001,N1,مواد و محصولات دارويي,تابلو اصلي,KIMI1,Chimidarou,20024911381434086,كيميدارو
263,IRR1KIMI0101,N1,مواد و محصولات دارويي,تابلو اصلي,KIMX1,Chimidarou-R,43588544194911344,ح . كيميدارو
264,IRO1EXIR0001,N2,مواد و محصولات دارويي,فهرست اوليه,EXIR1,Exir Pharm.,4384288570322406,داروسازي‌ اكسير
265,IRR1EXIR0101,N2,مواد و محصولات دارويي,فهرست اوليه,EXIX1,Exir Pharm.-R,42538255636473499,ح . داروسازي‌ اكسير
266,IRO1DLGM0001,N2,مواد و محصولات دارويي,فهرست اوليه,DLGM1,Loghman Pharm.,29247915161590165,دارويي‌ لقمان‌
267,IRR1DLGM0101,N2,مواد و محصولات دارويي,فهرست اوليه,DLGX1,Loghman Pharm.-R,66766792660974984,ح . دارويي‌ لقمان‌
268,IRO1IRDR0001,N2,مواد و محصولات دارويي,فهرست اوليه,IRDR1,Iran Darou,69090868458637360,ايران‌دارو
269,IRR1IRDR0101,N2,مواد و محصولات دارويي,فهرست اوليه,IRDX1,Iran Darou-R,25752723009842207,ح . ‌ايران‌دارو
270,IRO1PRDS0001,N2,محصولات شيميايي,فهرست اوليه,PRDS1,Disshap Petr.,64988580376499833,ديس شپ
271,IRO1INFO0001,N1,رايانه و فعاليت‌هاي وابسته به آن,تابلو اصلي,INFO1,Inf. Services,40505767672724777,خدمات‌انفورماتيك‌
272,IRR1INFO0101,N1,رايانه و فعاليت‌هاي وابسته به آن,تابلو اصلي,INFX1,Inf. Services-R,45097391187425276,ح . خدمات‌انفورماتيك‌
273,IRO1EPRS0001,N1,رايانه و فعاليت‌هاي وابسته به آن,تابلو فرعي,EPRS1,Parsian Ecommerc,41048299027409941,تجارت الكترونيك  پارسيان
274,IRR1EPRS0101,N1,رايانه و فعاليت‌هاي وابسته به آن,تابلو فرعي,EPRX1,Parsian Ecommerc-R,49613772749166261,ح.تجارت الكترونيك پارسيان
275,IRO1TKIN0001,N2,خدمات فني و مهندسي,فهرست اوليه,TKIN1,Techinco,3823243780502959,كنترل‌خوردگي‌تكين‌كو
276,IRR1TKIN0101,N2,خدمات فني و مهندسي,فهرست اوليه,TKIX1,Techinco-R,1723099959084685,ح . كنترل‌خوردگي‌تكين‌كو
277,IRO1RKSH0001,N2,رايانه و فعاليت‌هاي وابسته به آن,فهرست اوليه,RKSH1,Etebari Iran Co,27952969918967492,كارت اعتباري ايران كيش
278,IRO1MAPN0001,N1,خدمات فني و مهندسي,تابلو اصلي,MAPN1,MAPNA,67126881188552864,گروه مپنا (سهامي عام)
279,IRR1MAPN0101,N1,خدمات فني و مهندسي,تابلو فرعي,MAPX1,MAPNA-R,49532101082369992,ح. گروه مپنا (سهامي عام)
280,IRO1ZPRS0001,N2,زراعت و خدمات وابسته,فهرست اوليه,ZPRS1,Pars Agro.,33420285433308219,ملي كشت و صنعت و دامپروري پارس
281,IRO1MAGS0001,N2,زراعت و خدمات وابسته,فهرست اوليه,MAGS1,Magsal Agri.,5054819322815158,كشاورزي‌ ودامپروي‌ مگسال‌
282,IRR1MAGS0101,N2,زراعت و خدمات وابسته,فهرست اوليه,MAGX1,Magsal Agri.-R,44723997362573824,ح . كشاورزي‌ ودامپروي‌ مگسال‌
283,IRO1ABIK0001,N2,ساير محصولات كاني غيرفلزي,فهرست اوليه,ABIK1,Abiak Cement,70883594945615893,سيمان آبيك
284,IRO1AZRT0001,N2,ساير محصولات كاني غيرفلزي,فهرست اوليه,AZRT1,Azarit,28987829009893424,آذريت‌
285,IRR1AZRT0101,N2,ساير محصولات كاني غيرفلزي,فهرست اوليه,AZRX1,Azarit-R,35608558653140695,ح . آذريت‌
286,IRO1SDAB0001,N1,سيمان، آهك و گچ,تابلو فرعي,SDAB1,Darab Cement,4563413583000719,سيمان‌ داراب‌
287,IRR1SDAB0101,N1,سيمان، آهك و گچ,تابلو فرعي,SDAX1,Darab Cement-R,68002468728896305,ح . سيمان‌ داراب‌
288,IRO1SADB0001,N2,سيمان، آهك و گچ,فهرست اوليه,SADB1,Ardebil Cement,34890845654517313,سيمان آرتا اردبيل
289,IRR1SADB0101,N2,سيمان، آهك و گچ,فهرست اوليه,SADX1,Ardebil Cement-R,62781722479769997,ح . سيمان آرتا اردبيل
290,IRO1SURO0001,N1,سيمان، آهك و گچ,تابلو اصلي,SURO1,Oroumiyeh Cem.,15949743338644220,سيمان‌اروميه‌
291,IRR1SURO0101,N1,سيمان، آهك و گچ,تابلو اصلي,SURX1,Oroumiyeh Cem.-R,14983273215576895,ح . سيمان‌اروميه‌
292,IRO1SAVE0001,N2,سيمان، آهك و گچ,فهرست اوليه,SAVE1,Saveh Cement,25360782993370900,سيمان‌سفيدساوه‌
293,IRO1IRNT0001,N2,ساير محصولات كاني غيرفلزي,فهرست اوليه,IRNT1,Iranit,36531083140502478,ايرانيت‌
294,IRR1IRNT0101,N2,ساير محصولات كاني غيرفلزي,فهرست اوليه,IRNX1,Iranit-R,69885094622785625,ح . ايرانيت‌
295,IRO1SBOJ0001,N2,سيمان، آهك و گچ,فهرست اوليه,SBOJ1,Bojnourd Cement,66295665969375744,سيمان‌ بجنورد
296,IRR1SBOJ0101,N2,سيمان، آهك و گچ,فهرست اوليه,SBOX1,Bojnourd Cement-R,51223970438582603,ح . سيمان‌ بجنورد
297,IRO1SBHN0001,N2,سيمان، آهك و گچ,فهرست اوليه,SBHN1,Behbahan Cement,32525655729432562,سيمان‌ بهبهان‌
298,IRR1SBHN0101,N2,سيمان، آهك و گچ,فهرست اوليه,SBHX1,Behbahan Cement-R,2122354233695079,ح . سيمان‌ بهبهان‌
299,IRO1SEPK0001,N2,رايانه و فعاليت‌هاي وابسته به آن,فهرست اوليه,SEPK1,Saman-E-Kish,71856634742001725,پرداخت الكترونيك سامان كيش
300,IRO1SSEP0001,N1,سيمان، آهك و گچ,تابلو اصلي,SSEP1,Sepahan Cement,35669480110084448,سيمان‌سپاهان‌
301,IRR1SSEP0101,N1,سيمان، آهك و گچ,تابلو اصلي,SSEX1,Sepahan Cement-R,49361140703966185,ح . سيمان‌سپاهان‌
302,IRO1PRMT0001,N2,ساير محصولات كاني غيرفلزي,فهرست اوليه,PRMT1,Permit,61436127547874135,پرميت
303,IRO1STEH0001,N1,سيمان، آهك و گچ,تابلو اصلي,STEH1,Tehran Cement,30829203706095076,سيمان‌ تهران‌
304,IRR1STEH0101,N1,سيمان، آهك و گچ,تابلو اصلي,STEX1,Tehran Cement-R,37577414956190228,ح . سيمان‌ تهران‌
305,IRO1SKHS0001,N2,سيمان، آهك و گچ,فهرست اوليه,SKHS1,Khash Cement,4470657233334072,سيمان‌خاش‌
306,IRR1SKHS0101,N2,سيمان، آهك و گچ,فهرست اوليه,SKHX1,Khash Cement-R,15467183288337240,ح . سيمان‌خاش‌
307,IRO1SKAZ0001,N1,سيمان، آهك و گچ,تابلو فرعي,SKAZ1,Khazar Cement,67327029014085707,سيمان‌ خزر
308,IRR1SKAZ0101,N1,سيمان، آهك و گچ,تابلو فرعي,SKAX1,Khazar Cement-R,63310105340116493,ح . سيمان‌ خزر
309,IRO1KHOC0001,N2,سيمان، آهك و گچ,فهرست اوليه,KHOC1,Khoozestan CE.,41974758296041288,سيمان خوزستان
310,IRR1KHOC0101,N2,سيمان، آهك و گچ,فهرست اوليه,KHOX1,Khoozestan CE-R,47827701898502941,ح . سيمان خوزستان
311,IRO1SDST0001,N2,سيمان، آهك و گچ,فهرست اوليه,SDST1,Dashtestan Ce.,27000326841257664,صنايع سيمان دشتستان
312,IRR1SDST0101,N2,سيمان، آهك و گچ,فهرست اوليه,SDSX1,Dashtestan Ce.-R,16566273757667380,ح .صنايع سيمان دشتستان
313,IRO1SDOR0001,N2,سيمان، آهك و گچ,فهرست اوليه,SDOR1,Doroud Cement,27218386411183410,سيمان‌ دورود
314,IRR1SDOR0101,N2,سيمان، آهك و گچ,فهرست اوليه,SDOX1,Doroud Cement-R,48424973017498692,ح . سيمان‌ دورود
315,IRO1SROD0001,N1,سيمان، آهك و گچ,تابلو اصلي,SROD1,Shahroud Cement,11964419322927535,سيمان‌شاهرود
316,IRR1SROD0101,N1,سيمان، آهك و گچ,تابلو اصلي,SROX1,Shahroud Cement-R,11183410572675415,ح . سيمان‌شاهرود
317,IRO1SSHR0001,N1,سيمان، آهك و گچ,تابلو فرعي,SSHR1,Shargh Cement,26997316501080743,سيمان‌ شرق‌
318,IRR1SSHR0101,N1,سيمان، آهك و گچ,تابلو اصلي,SSHX1,Shargh Cement-R,4351174618872221,ح . سيمان‌ شرق‌
319,IRO1SIMS0001,N1,سيمان، آهك و گچ,تابلو فرعي,SIMS1,Shomal Cement,6757220448540984,سيمان‌ شمال‌
320,IRR1SIMS0101,N1,سيمان، آهك و گچ,تابلو فرعي,SIMX1,Shomal Cement-R,23458117616920867,ح . سيمان‌ شمال‌
321,IRO1SEFH0001,N2,سيمان، آهك و گچ,فهرست اوليه,SEFH1,Isfahan Cement,10568944722570445,سيمان‌اصفهان‌
322,IRR1SEFH0101,N2,سيمان، آهك و گچ,فهرست اوليه,SEFX1,Isfahan Cement-R,41026060125059078,ح . سيمان‌اصفهان‌
323,IRO1SSOF0001,N1,سيمان، آهك و گچ,تابلو فرعي,SSOF1,Soufian Cement,13227300125161435,سيمان‌ صوفيان‌
324,IRR1SSOF0101,N1,سيمان، آهك و گچ,تابلو اصلي,SSOX1,Soufian Cement-R,2819110578357790,ح . سيمان‌ صوفيان‌
325,IRO1GDRS0001,N2,سيمان، آهك و گچ,فهرست اوليه,GDRS1,Ghadir Invest.,69456730984618304,توسعه سرمايه و صنعت غدير
326,IRO1SGRB0001,N1,سيمان، آهك و گچ,تابلو فرعي,SGRB1,Gharb Cement.,52220424531578944,سيمان‌غرب‌
327,IRR1SGRB0101,N1,سيمان، آهك و گچ,تابلو فرعي,SGRX1,Gharb Cement.-R,65932581790240568,ح . سيمان‌غرب‌
328,IRO1SFRS0001,N2,سيمان، آهك و گچ,فهرست اوليه,SFRS1,Fars Cement,41227201752535311,سيمان‌فارس‌
329,IRR1SFRS0101,N2,سيمان، آهك و گچ,فهرست اوليه,SFRX1,Fars Cement-R,53932269673520256,ح . سيمان‌فارس‌
330,IRO1SFKZ0001,N1,سيمان، آهك و گچ,تابلو اصلي,SFKZ1,F. & Kh. Cement,15521712617204216,سيمان فارس و خوزستان
331,IRR1SFKZ0101,N1,سيمان، آهك و گچ,تابلو اصلي,SFKX1,F. & Kh. Cement-R,20593887444073437,ح . سيمان فارس و خوزستان
332,IRO1FRDO0001,N1,ساير محصولات كاني غيرفلزي,تابلو فرعي,FRDO1,Doroud Farsit,62422436072345198,كارخانه‌فارسيت‌درود
333,IRR1FRDO0101,N1,ساير محصولات كاني غيرفلزي,تابلو فرعي,FRDX1,Doroud Farsit-R,40750005236994995,ح . كارخانه‌فارسيت‌درود
334,IRO1SFAS0001,N2,ساير محصولات كاني غيرفلزي,فهرست اوليه,SFAS1,Ahwaz Farsit,20603404633598318,فارسيت‌ اهواز
335,IRR1SFAS0101,N2,ساير محصولات كاني غيرفلزي,فهرست اوليه,SFAX1,Ahwaz Farsit-R,10716103455591194,ح . فارسيت‌ اهواز
336,IRO1SFNO0001,N1,سيمان، آهك و گچ,تابلو فرعي,SFNO1,Siman Fars Noe,4528607775462304,سيمان فارس نو
337,IRR1SFNO0101,N1,سيمان، آهك و گچ,تابلو فرعي,SFNX1,Siman Fars Noe-R,34774414473029882,ح . سيمان فارس نو
338,IRO1SGEN0001,N2,سيمان، آهك و گچ,فهرست اوليه,SGEN1,Qayen Cement,60654872678917533,سيمان‌ قائن‌
339,IRR1SGEN0101,N2,سيمان، آهك و گچ,فهرست اوليه,SGEX1,Qayen Cement-R,44969149970836673,ح . سيمان‌ قائن‌
340,IRO1SKRN0001,N2,سيمان، آهك و گچ,فهرست اوليه,SKRN1,Karoon Cement,23742726069035026,سيمان‌ كارون‌
341,IRR1SKRN0101,N2,سيمان، آهك و گچ,فهرست اوليه,SKRX1,Karoon Cement-R,24544113280557261,ح . سيمان‌ كارون‌
342,IRO1SKOR0001,N1,سيمان، آهك و گچ,تابلو فرعي,SKOR1,Kordesta Ce. Co.,65321970913593427,سيمان كردستان
343,IRR1SKOR0101,N1,سيمان، آهك و گچ,تابلو فرعي,SKOX1,Kordestan Cem.-R,67682387713029178,ح . سيمان كردستان
344,IRO1SKER0001,N1,سيمان، آهك و گچ,تابلو اصلي,SKER1,Kerman Cement,15472396110662150,سيمان‌ كرمان‌
345,IRR1SKER0101,N1,سيمان، آهك و گچ,تابلو اصلي,SKEX1,Kerman Cement-R,3037464497437282,ح . سيمان‌ كرمان‌
346,IRO1SMAZ0001,N2,سيمان، آهك و گچ,فهرست اوليه,SMAZ1,Mazandaran Cem.,33808206014018431,سيمان‌مازندران‌
347,IRR1SMAZ0101,N2,سيمان، آهك و گچ,فهرست اوليه,SMAX1,Mazandaran Cem.-R,36927349282989093,ح . سيمان‌مازندران‌
348,IRO1SSNR0001,N2,سيمان، آهك و گچ,فهرست اوليه,SSNR1,Neiriz Cement,14231831499205396,سيمان‌ سفيد ني‌ريز
349,IRR1SSNR0101,N2,سيمان، آهك و گچ,فهرست اوليه,SSNX1,Neiriz Cement-R,53536131398384570,ح . سيمان‌ سفيدني‌ريز
350,IRO1SHZG0001,N2,سيمان، آهك و گچ,فهرست اوليه,SHZG1,Hormozgan Cem.,29747059672582491,سيمان‌هرمزگان‌
351,IRR1SHZG0101,N2,سيمان، آهك و گچ,فهرست اوليه,SHZX1,Hormozgan Cem.-R,31159891095753824,ح . سيمان‌هرمزگان‌
352,IRO1SHGN0001,N1,سيمان، آهك و گچ,تابلو فرعي,SHGN1,Hegmatan Cement,41284516796232939,سيمان‌هگمتان‌
353,IRR1SHGN0101,N1,سيمان، آهك و گچ,تابلو فرعي,SHGX1,Hegmatan Cement-R,7486145189544149,ح . سيمان‌هگمتان‌
354,IRO1CIDC0001,N2,سيمان، آهك و گچ,فهرست اوليه,CIDC1,Cement INV. Co.,37281199178613855,سرمايه گذاري توسعه صنايع سيمان
355,IRR1CIDC0101,N2,سيمان، آهك و گچ,فهرست اوليه,CIDX1,Cement INV. Co.-R,34060949638085542,ح . س. توسعه صنايع سيمان
356,IRO1SYSM0001,N1,رايانه و فعاليت‌هاي وابسته به آن,تابلو فرعي,SYSM1,Hamkaran System Co,47749661205825616,همكاران سيستم
357,IRO1SEIL0001,N2,سيمان، آهك و گچ,فهرست اوليه,SEIL1,Ilam Cement,14617104402836487,سيمان‌ ايلام‌
358,IRR1SEIL0101,N2,سيمان، آهك و گچ,فهرست اوليه,SEIX1,Ilam Cement-R,48993230008229282,ح . سيمان‌ ايلام‌
359,IRO1FSIN0001,N2,شرکتهاي چند رشته اي صنعتي,فهرست اوليه,FSIN1,Investment Sina,2512214120008228,مالي و سرمايه گذاري سينا
360,IRO1PARK0001,N1,محصولات شيميايي,تابلو اصلي,PARK1,Shazand Petr.,7711282667602555,پتروشيمي شازند
361,IRR1PARK0101,N1,محصولات شيميايي,تابلو اصلي,PARX1,Shazand Petr.-R,63190039561056038,ح . پتروشيمي شازند
362,IRO1AMLH0001,N2,محصولات شيميايي,فهرست اوليه,AMLH1,Iran Amlah,16959429956899455,معدني‌ املاح‌  ايران‌
363,IRR1AMLH0101,N2,محصولات شيميايي,فهرست اوليه,AMLX1,Iran Amlah-R,14153483684603257,ح . معدني‌ املاح‌  ايران‌
364,IRO1PNTB0001,N1,فراورده هاي نفتي، كك و سوخت هسته اي,تابلو اصلي,PNTB1,Tabriz.Oil.Refine,48753732042176709,پالايش نفت تبريز
365,IRR1PNTB0101,N1,فراورده هاي نفتي، كك و سوخت هسته اي,تابلو اصلي,PNTX1,Tabriz.Oil.RefineR,7632696113249142,ح. پالايش نفت تبريز
366,IRO1PNBA0001,N1,فراورده هاي نفتي، كك و سوخت هسته اي,تابلو فرعي,PNBA1,B.A Oil Refinie,35366681030756042,پالايش نفت بندرعباس
367,IRO1NBEH0001,N1,فراورده هاي نفتي، كك و سوخت هسته اي,تابلو اصلي,NBEH1,Behran Oil,22667016906590506,نفت‌ بهران‌
368,IRR1NBEH0101,N1,فراورده هاي نفتي، كك و سوخت هسته اي,تابلو اصلي,NBEX1,Behran Oil-R,20300372560291314,ح . نفت‌ بهران‌
369,IRO1BMPS0001,N2,محصولات شيميايي,فهرست اوليه,BMPS1,Pars Int. Mfg.,61102694810476197,بين‌ المللي‌ محصولات‌  پارس‌
370,IRR1BMPS0101,N2,محصولات شيميايي,فهرست اوليه,BMPX1,Pars Int. Mfg.-R,9171279728707865,ح . بين‌ المللي‌محصولات پارس‌
371,IRO1PAKS0001,N1,محصولات شيميايي,تابلو فرعي,PAKS1,Paxan,11622051128546106,پاكسان‌
372,IRR1PAKS0101,N1,محصولات شيميايي,تابلو فرعي,PAKX1,Paxan-R,68629328102697289,ح . پاكسان‌
373,IRO1PABD0001,N1,محصولات شيميايي,تابلو فرعي,PABD1,Abadan Petr.,11640540339380126,پتروشيمي‌ آبادان‌
374,IRR1PABD0101,N1,محصولات شيميايي,تابلو فرعي,PABX1,Abadan Petr.-R,68134183978822839,ح . پتروشيمي‌ آبادان‌
375,IRO1PRDZ0001,N1,محصولات شيميايي,تابلو فرعي,PRDZ1,Pardis Petr.,20562694899904339,پتروشيمي پرديس
376,IRR1PRDZ0101,N1,محصولات شيميايي,تابلو فرعي,PRDX1,Pardis Petr. -R,45231878301843366,ح. پتروشيمي پرديس
377,IRO1PLAK0001,N2,محصولات شيميايي,فهرست اوليه,PLAK1,Iran Polyacryl,31920617569703557,پلي‌اكريل‌
378,IRR1PLAK0101,N2,محصولات شيميايي,فهرست اوليه,PLAX1,Iran Polyacryl-R,10549251453298737,ح . پلي‌اكريل‌
379,IRO1PPAM0001,N2,محصولات شيميايي,فهرست اوليه,PPAM1,Pars Pamchal,38417665293111458,پارس‌ پامچال‌
380,IRR1PPAM0101,N2,محصولات شيميايي,فهرست اوليه,PPAX1,Pars Pamchal-R,36597927530072864,ح . پارس‌ پامچال‌
381,IRO1PNES0001,N1,فراورده هاي نفتي، كك و سوخت هسته اي,تابلو اصلي,PNES1,Isf. Oil Ref. Co.,7745894403636165,پالايش نفت اصفهان
382,IRR1PNES0101,N1,فراورده هاي نفتي، كك و سوخت هسته اي,تابلو اصلي,PNEX1,Isf. Oil. Ref.-R,70885929611298658,ح . پالايش نفت اصفهان
383,IRO1PTEH0001,N2,فراورده هاي نفتي، كك و سوخت هسته اي,فهرست اوليه,PTEH1,Palayesh Tehran,51617145873056483,پالايش نفت تهران
384,IRO1THSH0001,N2,مواد و محصولات دارويي,فهرست اوليه,THSH1,Tehran Chemical,49831372632909204,تهران‌ شيمي‌
385,IRR1THSH0101,N2,مواد و محصولات دارويي,فهرست اوليه,THSX1,Tehran Chemical-R,63950064557947536,ح . تهران‌ شيمي‌
386,IRO1TOPI0001,N2,محصولات شيميايي,فهرست اوليه,TOPI1,Tolypers,67422066034966650,تولي‌پرس‌
387,IRR1TOPI0101,N1,محصولات شيميايي,تابلو فرعي,TOPX1,Tolypers-R,32768389062627654,ح . تولي‌پرس‌
388,IRO1NJEY0001,N2,فراورده هاي نفتي، كك و سوخت هسته اي,فهرست اوليه,NJEY1,Naft Jey Co.,30007580613586002,شركت نفت جي
389,IRO1PKHA0001,N1,محصولات شيميايي,تابلو اصلي,PKHA1,Khark Petr.,70934270174405743,پتروشيمي‌ خارك‌
390,IRR1PKHA0101,N1,محصولات شيميايي,تابلو اصلي,PKHX1,Khark Petr.-R,67424359693542598,ح . پتروشيمي‌ خارك‌
391,IRO1DODE0001,N2,محصولات شيميايي,فهرست اوليه,DODE1,Doode Sanati,40611478183231802,دوده‌ صنعتي‌ پارس‌
392,IRR1DODE0101,N2,محصولات شيميايي,فهرست اوليه,DODX1,Doode Sanati-R,32775115857585121,ح . دوده‌ صنعتي‌ پارس‌
393,IRO1SHRG0001,N2,محصولات شيميايي,فهرست اوليه,SHRG1,Rangin,55761337960556026,صنعتي‌ رنگين‌
394,IRR1SHRG0101,N2,محصولات شيميايي,فهرست اوليه,SHRX1,Rangin-R,31312374884749268,ح . صنعتي‌ رنگين‌
395,IRO1ZNGN0001,N2,فراورده هاي نفتي، كك و سوخت هسته اي,فهرست اوليه,ZNGN1,Zangan Equip.,9049928781611298,تجهيزنيروي‌زنگان‌
396,IRR1ZNGN0101,N2,فراورده هاي نفتي، كك و سوخت هسته اي,فهرست اوليه,ZNGX1,Zangan Equip.-R,27441338542049382,ح . تجهيزنيروي‌زنگان‌
397,IRO1SEPP0001,N2,فراورده هاي نفتي، كك و سوخت هسته اي,فهرست اوليه,SEPP1,Spahan Naft,49188729526980541,نفت سپاهان
398,IRO1TSAL0001,N2,محصولات شيميايي,فهرست اوليه,TSAL1,Herbicides Prod,26785345607979150,توليد سموم‌ علف‌ كش
399,IRR1TSAL0101,N2,محصولات شيميايي,فهرست اوليه,TSAX1,Herbicides Prod-R,56145524393016216,ح . توليد سموم‌ علف‌ كش
400,IRO1SHSI0001,N2,محصولات شيميايي,فهرست اوليه,SHSI1,Sina Chem. Ind.,30974710508383145,صنايع‌شيميايي‌سينا
401,IRR1SHSI0101,N2,محصولات شيميايي,فهرست اوليه,SHSX1,Sina Chem. Ind.-R,1860384396424573,ح . صنايع‌شيميايي‌سينا
402,IRO1PESF0001,N2,محصولات شيميايي,فهرست اوليه,PESF1,Isfahan Pertr.,14733297998516697,پتروشيمي‌ اصفهان‌
403,IRR1PESF0101,N2,محصولات شيميايي,فهرست اوليه,PESX1,Isfahan Pertr.-R,37397450502348400,ح . پتروشيمي‌ اصفهان‌
404,IRO1SHFA0001,N2,مواد و محصولات دارويي,فهرست اوليه,SHFA1,ShafaDarou Inv.,36899214178084525,سرمايه گذاري شفادارو
405,IRO1PFRB0001,N2,محصولات شيميايي,فهرست اوليه,PFRB1,Farabi Petr.,67965884006655065,پتروشيمي‌فارابي‌
406,IRR1PFRB0101,N2,محصولات شيميايي,فهرست اوليه,PFRX1,Farabi Petr.-R,6393093854932837,ح . پتروشيمي‌فارابي‌
407,IRO1SHFS0001,N2,محصولات شيميايي,فهرست اوليه,SHFS1,Fars Chem. Ind.,43781018754867729,صنايع‌ شيميايي‌ فارس‌
408,IRR1SHFS0101,N2,محصولات شيميايي,فهرست اوليه,SHFX1,Fars Chem. Ind.-R,33124462307941707,ح . صنايع‌ شيميايي‌ فارس‌
409,IRO1PFAN0001,N1,محصولات شيميايي,تابلو اصلي,PFAN1,Fanavaran Petr.,65122215875355555,پتروشيمي فناوران
410,IRR1PFAN0101,N1,محصولات شيميايي,تابلو اصلي,PFAX1,Fanavaran Petr.-R,55622199783443721,ح . پتروشيمي فناوران
411,IRO1CRBN0001,N2,محصولات شيميايي,فهرست اوليه,CRBN1,Iran Carbon,27308217070238237,كربن‌ ايران‌
412,IRR1CRBN0101,N1,محصولات شيميايي,تابلو فرعي,CRBX1,Iran Carbon-R,10157407031358922,ح . كربن‌ ايران‌
413,IRO1KAFF0001,N2,محصولات شيميايي,فهرست اوليه,KAFF1,Kaf,180774784936665,كف‌
414,IRR1KAFF0101,N2,محصولات شيميايي,فهرست اوليه,KAFX1,Kaf-R,68215194515227175,ح . كف‌
415,IRO1NKOL0001,N2,محصولات شيميايي,فهرست اوليه,NKOL1,NiroCholor,62177651435283872,نيروكلر
416,IRR1NKOL0101,N2,محصولات شيميايي,فهرست اوليه,NKOX1,NiroCholor-R,33505686728824629,ح . نيروكلر
417,IRO1GTSH0001,N2,محصولات شيميايي,فهرست اوليه,GTSH1,Goltash,44153164692325703,گلتاش‌
418,IRR1GTSH0101,N2,محصولات شيميايي,فهرست اوليه,GTSX1,Goltash-R,46167643644457680,ح . گلتاش‌
419,IRO1LEAB0001,N2,محصولات شيميايي,فهرست اوليه,LEAB1,Loabiran,39116664428676213,لعابيران‌
420,IRR1LEAB0101,N2,محصولات شيميايي,فهرست اوليه,LEAX1,Loabiran-R,66183408418816482,ح . لعابيران‌
421,IRO1SLVN0001,N2,محصولات شيميايي,فهرست اوليه,SLVN1,Pars Alvan Dye,14900251521017020,رنگ پارس الوان
422,IRO1MAVA0001,N2,محصولات شيميايي,فهرست اوليه,MAVA1,Fiber Prod.,29915504190030439,توليدمواداوليه الياف‌مصنوعي‌
423,IRR1MAVA0101,N2,محصولات شيميايي,فهرست اوليه,MAVX1,Fiber Prod.-R,13279993223440273,ح . مواداوليه‌الياف‌مصنوعي‌
424,IRO1NPRS0001,N1,فراورده هاي نفتي، كك و سوخت هسته اي,تابلو اصلي,NPRS1,Pars Oil,14073782708315535,نفت‌ پارس‌
425,IRR1NPRS0101,N1,فراورده هاي نفتي، كك و سوخت هسته اي,تابلو اصلي,NPRX1,Pars Oil-R,23142133203996048,ح . نفت‌ پارس‌
426,IRO1VASH0001,N2,محصولات شيميايي,فهرست اوليه,VASH1,Henkel Pakvash,46778692022402356,هنكل‌ پاك‌ وش‌
427,IRR1VASH0101,N2,محصولات شيميايي,فهرست اوليه,VASX1,Henkel Pakvash-R,36875068201975202,ح . هنكل‌ پاك‌ وش‌
428,IRO1SHOY0001,N2,محصولات شيميايي,فهرست اوليه,SHOY1,Behshahr Ind.,3493306453706327,مديريت صنعت شوينده ت.ص.بهشهر
429,IRO1PSHZ0001,N1,محصولات شيميايي,تابلو اصلي,PSHZ1,Shiraz Petr.,38568786927478796,پتروشيمي‌شيراز
430,IRR1PSHZ0101,N1,محصولات شيميايي,تابلو اصلي,PSHX1,Shiraz Petr.-R,19717343975708874,ح . پتروشيمي‌شيراز
431,IRO1SSIN0001,N2,محصولات شيميايي,فهرست اوليه,SSIN1,Iran Chem. Ind.,35796086458096255,س. صنايع‌شيميايي‌ايران
432,IRR1SSIN0101,N2,محصولات شيميايي,فهرست اوليه,SSIX1,Iran Chem. Ind.-R,8992202615765020,ح . س. صنايع‌شيميايي‌ايران‌
433,IRO1PIAZ0001,N2,محصولات غذايي و آشاميدني به جز قند و شكر,فهرست اوليه,PIAZ1,Piazar Agro.,35158826900216508,كشت‌وصنعت‌پياذر
434,IRR1PIAZ0101,N2,محصولات غذايي و آشاميدني به جز قند و شكر,فهرست اوليه,PIAX1,Piazar Agro.-R,22096199430853991,ح . كشت‌وصنعت‌پياذر
435,IRO1KLBR0001,N2,محصولات غذايي و آشاميدني به جز قند و شكر,فهرست اوليه,KLBR1,Kalber Dairy,24303422207378456,لبنيات‌كالبر
436,IRR1KLBR0101,N2,محصولات غذايي و آشاميدني به جز قند و شكر,فهرست اوليه,KLBX1,Kalber Dairy-R,55490250330757201,ح . لبنيات‌كالبر
437,IRO1SBEH0001,N1,محصولات غذايي و آشاميدني به جز قند و شكر,تابلو اصلي,SBEH1,Behshahr Ind.,42387718866026650,صنعتي‌ بهشهر
438,IRR1SBEH0101,N1,محصولات غذايي و آشاميدني به جز قند و شكر,تابلو اصلي,SBEX1,Behshahr Ind.-R,17080537778426884,ح . صنعتي‌ بهشهر
439,IRO1BEPP0001,N2,محصولات غذايي و آشاميدني به جز قند و شكر,فهرست اوليه,BEPP1,Behpaak,29650505265356603,بهپاك‌
440,IRR1BEPP0101,N2,محصولات غذايي و آشاميدني به جز قند و شكر,فهرست اوليه,BEPX1,Behpaak-R,10125150304958552,ح . بهپاك‌
441,IRO1BENN0001,N2,محصولات غذايي و آشاميدني به جز قند و شكر,فهرست اوليه,BENN1,Behnoush Iran,17059960254855208,بهنوش‌ ايران‌
442,IRR1BENN0101,N2,محصولات غذايي و آشاميدني به جز قند و شكر,فهرست اوليه,BENX1,Behnoush Iran-R,38770731314949641,ح . بهنوش‌ ايران‌
443,IRO1LPAK0001,N2,محصولات غذايي و آشاميدني به جز قند و شكر,فهرست اوليه,LPAK1,Pak Dairy,34032872653290886,لبنيات‌ پاك‌
444,IRR1LPAK0101,N2,محصولات غذايي و آشاميدني به جز قند و شكر,فهرست اوليه,LPAX1,Pak Dairy-R,6544645716121372,ح . لبنيات‌ پاك‌
445,IRO1MINO0001,N1,محصولات غذايي و آشاميدني به جز قند و شكر,تابلو فرعي,MINO1,Pars Minoo,18401147983387689,پارس‌ مينو
446,IRR1MINO0101,N1,محصولات غذايي و آشاميدني به جز قند و شكر,تابلو فرعي,MINX1,Pars Minoo-R,13308396407628501,ح . پارس‌ مينو
447,IRO1CHCH0001,N2,محصولات غذايي و آشاميدني به جز قند و شكر,فهرست اوليه,CHCH1,Chin Chin,44850033148208596,كشت‌ و صنعت‌ چين‌ چين
448,IRR1CHCH0101,N2,محصولات غذايي و آشاميدني به جز قند و شكر,فهرست اوليه,CHCX1,Chin Chin-R,13083555452743181,ح . كشت‌ و صنعت‌ چين‌ چين
449,IRO1KDPS0001,N2,محصولات غذايي و آشاميدني به جز قند و شكر,فهرست اوليه,KDPS1,P. Animal Feed,2254054929817435,خوراك‌  دام‌ پارس‌
450,IRR1KDPS0101,N2,محصولات غذايي و آشاميدني به جز قند و شكر,فهرست اوليه,KDPX1,P. Animal Feed-R,52139501202126140,ح . خوراك‌ دام‌ پارس‌
451,IRO1DMOR0001,N2,محصولات غذايي و آشاميدني به جز قند و شكر,فهرست اوليه,DMOR1,Dasht Morghab,2434703913394836,دشت‌ مرغاب‌
452,IRR1DMOR0101,N2,محصولات غذايي و آشاميدني به جز قند و شكر,فهرست اوليه,DMOX1,Dasht Morghab-R,59887874326934221,ح . دشت‌ مرغاب‌
453,IRO1SASN0001,N2,محصولات غذايي و آشاميدني به جز قند و شكر,فهرست اوليه,SASN1,Sasan,51229318675210816,ساسان‌
454,IRR1SASN0101,N2,محصولات غذايي و آشاميدني به جز قند و شكر,فهرست اوليه,SASX1,Sasan-R,40309575177709730,ح . ساسان‌
455,IRO1SLMN0001,N2,محصولات غذايي و آشاميدني به جز قند و شكر,فهرست اوليه,SLMN1,Salemin Factory,28672095850798501,سالمين‌
456,IRR1SLMN0101,N2,محصولات غذايي و آشاميدني به جز قند و شكر,فهرست اوليه,SLMX1,Salemin Factory-R,48926251886441092,ح . ‌سالمين‌
457,IRO1SHPZ0001,N2,محصولات غذايي و آشاميدني به جز قند و شكر,فهرست اوليه,SHPZ1,W. Azar. Pegah,59921975187856916,پگاه‌آذربايجان‌غربي‌
458,IRR1SHPZ0101,N2,محصولات غذايي و آشاميدني به جز قند و شكر,فهرست اوليه,SHPX1,W. Azar. Pegah-R,2705253775088582,ح . ‌پگاه‌آذربايجان‌غربي‌
459,IRO1SPKH0001,N2,محصولات غذايي و آشاميدني به جز قند و شكر,فهرست اوليه,SPKH1,Kh. Pegah Dairy,31791737198597563,شيرپاستوريزه‌پگاه‌خراسان‌
460,IRR1SPKH0101,N2,محصولات غذايي و آشاميدني به جز قند و شكر,فهرست اوليه,SPKX1,Kh. Pegah Dairy-R,15581863918201593,ح . شيرپاستوريزه‌پگاه‌خراسان‌
461,IRO1SPPE0001,N2,محصولات غذايي و آشاميدني به جز قند و شكر,فهرست اوليه,SPPE1,I. Pegah Dairy,61506294208022391,شيرپاستوريزه‌پگاه‌اصفهان‌
462,IRR1SPPE0101,N2,محصولات غذايي و آشاميدني به جز قند و شكر,فهرست اوليه,SPPX1,I. Pegah Dairy-R,20272770791380597,ح . شيرپاستوريزه‌پگاه‌اصفهان‌
463,IRO1SHAD0001,N2,محصولات غذايي و آشاميدني به جز قند و شكر,فهرست اوليه,SHAD1,Shahdiran Inc.,20487994977117557,شهد ايران‌
464,IRR1SHAD0101,N2,محصولات غذايي و آشاميدني به جز قند و شكر,فهرست اوليه,SHAX1,Shahdiran Inc.-R,36771749618541632,ح . شهد ايران‌
465,IRO1GORJ0001,N2,محصولات غذايي و آشاميدني به جز قند و شكر,فهرست اوليه,GORJ1,Gorji Biscuit,31024260997481994,بيسكويت‌  گرجي‌
466,IRR1GORJ0101,N2,محصولات غذايي و آشاميدني به جز قند و شكر,فهرست اوليه,GORX1,Gorji Biscuit-R,53482856220074779,ح . بيسكويت‌ گرجي‌
467,IRO1GCOZ0001,N2,محصولات غذايي و آشاميدني به جز قند و شكر,فهرست اوليه,GCOZ1,Glucosan,22299894048845903,گلوكوزان‌
468,IRR1GCOZ0101,N2,محصولات غذايي و آشاميدني به جز قند و شكر,فهرست اوليه,GCOX1,Glucosan-R,30551124291517887,ح . گلوكوزان‌
469,IRO1MRGN0001,N1,محصولات غذايي و آشاميدني به جز قند و شكر,تابلو فرعي,MRGN1,Margarin,52975109254504632,مارگارين‌
470,IRR1MRGN0101,N1,محصولات غذايي و آشاميدني به جز قند و شكر,تابلو فرعي,MRGX1,Margarin-R,50773402681099358,ح . مارگارين‌
471,IRO1MRAM0001,N2,محصولات غذايي و آشاميدني به جز قند و شكر,فهرست اوليه,MRAM1,Mahram Mfg.,6131290133202745,توليدي‌مهرام‌
472,IRR1MRAM0101,N2,محصولات غذايي و آشاميدني به جز قند و شكر,فهرست اوليه,MRAX1,Mahram Mfg.-R,63552922113415543,ح . توليدي‌مهرام‌
473,IRO1RNAB0001,N2,محصولات غذايي و آشاميدني به جز قند و شكر,فهرست اوليه,RNAB1,Naab Ind.,29631596152440287,روغن‌ نباتي‌ ناب‌
474,IRR1RNAB0101,N2,محصولات غذايي و آشاميدني به جز قند و شكر,فهرست اوليه,RNAX1,Naab Ind.-R,27576096486410105,ح . روغن‌ نباتي‌ ناب‌
475,IRO1NOSH0001,N2,محصولات غذايي و آشاميدني به جز قند و شكر,فهرست اوليه,NOSH1,Noush Maz.,48619517949257749,نوش‌ مازندران‌
476,IRR1NOSH0101,N2,محصولات غذايي و آشاميدني به جز قند و شكر,فهرست اوليه,NOSX1,Noush Maz.-R,10134751929001651,ح . نوش‌مازندران‌
477,IRO1KIVN0001,N2,محصولات غذايي و آشاميدني به جز قند و شكر,فهرست اوليه,KIVN1,Keivan,21940781391333638,كيوان‌
478,IRR1KIVN0101,N2,محصولات غذايي و آشاميدني به جز قند و شكر,فهرست اوليه,KIVX1,Keivan-R,69848800705652106,ح . كيوان‌
479,IRO1AZAB0001,N2,ساخت محصولات فلزي,فهرست اوليه,AZAB1,Azarab Ind.,38547060135156069,صنايع‌ آذرآب‌
480,IRR1AZAB0101,N2,ساخت محصولات فلزي,فهرست اوليه,AZAX1,Azarab Ind.-R,68708769838923502,ح . صنايع‌ آذرآب‌
481,IRO1MARK0001,N2,ساخت محصولات فلزي,فهرست اوليه,MARK1,Arak M. Mfg.,20865316761157979,ماشين‌ سازي‌ اراك‌
482,IRR1MARK0101,N2,ساخت محصولات فلزي,فهرست اوليه,MARX1,Arak M. Mfg.-R,67073295895957349,ح . ماشين‌ سازي‌ اراك‌
483,IRO1PKLJ0001,N2,محصولات شيميايي,فهرست اوليه,PKLJ1,Khalij Fars,25244329144808274,صنايع پتروشيمي خليج فارس
484,IRO1KSIM0001,N1,فلزات اساسي,تابلو اصلي,KSIM1,Calcimine,66701874099226162,كالسيمين‌
485,IRR1KSIM0101,N1,فلزات اساسي,تابلو اصلي,KSIX1,Calcimine-R,65614373112361128,ح . كالسيمين‌
486,IRO1ALTK0001,N2,فلزات اساسي,فهرست اوليه,ALTK1,Alumtek,70849059438036431,آلومتك‌
487,IRR1ALTK0101,N2,فلزات اساسي,فهرست اوليه,ALTX1,Alumtek-R,55163494925650570,ح . آلومتك‌
488,IRO1SAMA0001,N1,ساخت محصولات فلزي,تابلو فرعي,SAMA1,Ama,34673681828119297,صنعتي‌ آما
489,IRR1SAMA0101,N1,ساخت محصولات فلزي,تابلو فرعي,SAMX1,Ama-R,3727693296236633,ح . صنعتي‌ آما
490,IRO1NLAH0001,N2,فلزات اساسي,فهرست اوليه,NLAH1,Ahwaz R. & P.,71492985674836424,نوردولوله‌ اهواز
491,IRR1NLAH0101,N2,فلزات اساسي,فهرست اوليه,NLAX1,Ahwaz R. & P.-R,40526606175393916,ح . نوردولوله‌ اهواز
492,IRO1ALIR0001,N2,فلزات اساسي,فهرست اوليه,ALIR1,Iran Aluminium,65004959184388996,آلومينيوم‌ايران‌
493,IRR1ALIR0101,N2,فلزات اساسي,فهرست اوليه,ALIX1,Iran Aluminium-R,36600889395640293,ح . آلومينيوم‌ايران‌
494,IRO1BAHN0001,N1,فلزات اساسي,تابلو اصلي,BAHN1,Bahonar Copper,66772024744156373,مس‌ شهيدباهنر
495,IRR1BAHN0101,N1,فلزات اساسي,تابلو اصلي,BAHX1,Bahonar Copper-R,38101196401916411,ح . مس‌ شهيدباهنر
496,IRO1BMAS0001,N2,ساخت محصولات فلزي,فهرست اوليه,BMAS1,Mashad Packing,16663779781503749,صنايع‌بسته‌بندي‌ مشهد
497,IRR1BMAS0101,N2,ساخت محصولات فلزي,فهرست اوليه,BMAX1,Mashad Packing-R,62972959180501542,ح . صنايع‌بسته‌بندي‌ مشهد
498,IRO1BIRI0001,N2,ساخت محصولات فلزي,فهرست اوليه,BIRI1,Iran Packing,31892548539456357,بسته‌ بندي‌ ايران‌
499,IRR1BIRI0101,N2,ساخت محصولات فلزي,فهرست اوليه,BIRX1,Iran Packing-R,26601876609464268,ح . بسته‌ بندي‌ ايران‌
500,IRO1ALPS0001,N2,فلزات اساسي,فهرست اوليه,ALPS1,Pars Aluminum,8559354261956680,آلومينيم‌ پارس‌
501,IRR1ALPS0101,N2,فلزات اساسي,فهرست اوليه,ALPX1,Pars Aluminum-R,45801323230963889,ح . آلومينيم‌ پارس‌
502,IRO1SPTA0001,N2,فلزات اساسي,فهرست اوليه,SPTA1,Sepanta,68488673556087148,سپنتا
503,IRR1SPTA0101,N2,فلزات اساسي,فهرست اوليه,SPTX1,Sepanta-R,24832054403183361,ح . سپنتا
504,IRO1JAMD0001,N2,ساخت محصولات فلزي,فهرست اوليه,JAMD1,Jaam Darou,30765727085936322,جام‌دارو
505,IRR1JAMD0101,N2,ساخت محصولات فلزي,فهرست اوليه,JAMX1,Jaam Darou-R,42201186298844859,ح . جام‌دارو
506,IRO1FAJR0001,N1,فلزات اساسي,تابلو فرعي,FAJR1,Amirkabir Steel,41302553376174581,فولاد اميركبيركاشان
507,IRR1FAJR0101,N1,فلزات اساسي,تابلو فرعي,FAJX1,Amirkabir Steel.-R,5898511005624629,ح .فولاد امير كبير كاشان
508,IRO1JSHO0001,N2,ساخت محصولات فلزي,فهرست اوليه,JSHO1,Iran Weld & Ox.,22742134293057021,جوش‌ و اكسيژن‌ ايران‌
509,IRR1JSHO0101,N2,ساخت محصولات فلزي,فهرست اوليه,JSHX1,Iran Weld & Ox.-R,46661780956927518,ح . جوش‌ و اكسيژن‌ ايران‌
510,IRO1FKAS0001,N1,فلزات اساسي,تابلو فرعي,FKAS1,Khorasan Steel Co.,4733285133017464,فولاد خراسان
511,IRR1FKAS0101,N1,فلزات اساسي,تابلو فرعي,FKAX1,Khorasan Steel-R,5550649038347558,ح . فولاد خراسان
512,IRO1FKHZ0001,N1,فلزات اساسي,تابلو اصلي,FKHZ1,Khouz. Steel,28864540805361867,فولاد  خوزستان
513,IRR1FKHZ0101,N1,فلزات اساسي,تابلو اصلي,FKHX1,Khouz. Steel-R,13628968289488697,ح . فولاد خوزستان
514,IRO1FRVR0001,N1,فلزات اساسي,تابلو فرعي,FRVR1,Iran Mineral P.,408934423224097,فرآوري‌موادمعدني‌ايران‌
515,IRR1FRVR0101,N1,فلزات اساسي,تابلو فرعي,FRVX1,Iran Mineral P.-R,41317265011382362,ح . فرآوري‌موادمعدني‌ايران‌
516,IRO1FRIS0001,N1,فلزات اساسي,تابلو فرعي,FRIS1,Iran Ferr.,54419429862704331,فروسيليس‌ ايران‌
517,IRR1FRIS0101,N1,فلزات اساسي,تابلو فرعي,FRIX1,Iran Ferr.-R,10079795343879888,ح . فروسيليس‌ ايران‌
518,IRO1TFKR0001,N2,فلزات اساسي,فهرست اوليه,TFKR1,Kerman Ferr.,56585229755651616,توليدفروموليبدن‌كرمان‌
519,IRR1TFKR0101,N2,فلزات اساسي,فهرست اوليه,TFKX1,Kerman Ferr.-R,22314977867866119,ح . توليدفروموليبدن‌كرمان‌
520,IRO1LSAH0001,N2,فلزات اساسي,فهرست اوليه,LSAH1,Ahwaz Pipe Mill,62620182261149083,لوله‌سازي‌اهواز
521,IRO1FSAZ0001,N2,فلزات اساسي,فهرست اوليه,FSAZ1,GhaltakSaznSepahan,12874072841236826,غلتك سازان سپاهان
522,IRO1SEPA0001,N2,فلزات اساسي,فهرست اوليه,SEPA1,Sepahan Group,8977441217024425,گروه‌صنعتي‌سپاهان‌
523,IRR1SEPA0101,N2,فلزات اساسي,فهرست اوليه,SEPX1,Sepahan Group-R,15731047379849033,ح . گروه‌صنعتي‌سپاهان‌
524,IRO1LSDD0001,N2,فلزات اساسي,فهرست اوليه,LSDD1,Sadid Pipe,36608426654628266,لوله و تجهيزات سديد
525,IRR1LSDD0101,N2,فلزات اساسي,فهرست اوليه,LSDX1,Sadid Group-R,69259498999037661,ح . لوله و تجهيزات سديد
526,IRO1SORB0001,N2,فلزات اساسي,فهرست اوليه,SORB1,N. I. L. Z.,54277068923045214,ملي‌ سرب‌وروي‌ ايران‌
527,IRR1SORB0101,N2,فلزات اساسي,فهرست اوليه,SORX1,N. I. L. Z.-R,3505675353152597,ح . ملي‌ سرب‌وروي‌ ايران‌
528,IRO1SOLI0001,N2,ساخت محصولات فلزي,فهرست اوليه,SOLI1,Soliran.,58892839837671228,سوليران‌
529,IRR1SOLI0101,N2,ساخت محصولات فلزي,فهرست اوليه,SOLX1,Soliran.-R,71756156794073862,ح . سوليران‌
530,IRO1LAMI0001,N2,ساخت محصولات فلزي,فهرست اوليه,LAMI1,Lamiran,25286509736208688,لاميران‌
531,IRR1LAMI0101,N2,ساخت محصولات فلزي,فهرست اوليه,LAMX1,Lamiran-R,33658726815807637,ح . لاميران‌
532,IRO1LMIR0001,N1,فلزات اساسي,تابلو فرعي,LMIR1,Iran M. & P. M.,48623320733330408,لوله‌وماشين‌سازي‌ايران‌
533,IRR1LMIR0101,N1,فلزات اساسي,تابلو فرعي,LMIX1,Iran M. & P. M.-R,58242024190036642,ح . لوله‌وماشين‌سازي‌ايران‌
534,IRO1PMET0001,N2,فلزات اساسي,فهرست اوليه,PMET1,Parsmetal,44571627722410412,پارس‌ متال‌
535,IRR1PMET0101,N2,فلزات اساسي,فهرست اوليه,PMEX1,Parsmetal-R,1518157759350339,ح . پارس‌ متال‌
536,IRO1ALMR0001,N2,فلزات اساسي,فهرست اوليه,ALMR1,Alomrad,18004480270695404,آلومراد
537,IRR1ALMR0101,N2,فلزات اساسي,فهرست اوليه,ALMX1,Alomrad-R,2050740941534952,ح . آلومراد
538,IRO1MSMI0001,N1,فلزات اساسي,تابلو اصلي,MSMI1,I. N. C. Ind.,35425587644337450,ملي‌ صنايع‌ مس‌ ايران‌
539,IRR1MSMI0101,N1,فلزات اساسي,تابلو اصلي,MSMX1,I. N. C. Ind.-R,8731565448647588,ح . ملي‌ صنايع‌ مس‌ ايران‌
540,IRO1ENAZ0001,N2,ساخت محصولات فلزي,فهرست اوليه,ENAZ1,Azarab Energy,56240779529754100,گسترش‌صنايع‌انرژي‌آذرآب‌
541,IRR1ENAZ0101,N2,ساخت محصولات فلزي,فهرست اوليه,ENAX1,Azarab Energy-R,50545475113911465,ح . گسترش‌صنايع‌انرژي‌آذرآب‌
542,IRO1NALM0001,N2,فلزات اساسي,فهرست اوليه,NALM1,Aluminum R.,57875847776839336,نورد آلومينيوم‌
543,IRR1NALM0101,N2,فلزات اساسي,فهرست اوليه,NALX1,Aluminum R.-R,34404581741939737,ح . نورد آلومينيوم‌
544,IRO1NGFO0001,N2,فلزات اساسي,فهرست اوليه,NGFO1,R. Mill Prod.,56324206651661881,نوردوقطعات‌ فولادي‌
545,IRR1NGFO0101,N2,فلزات اساسي,فهرست اوليه,NGFX1,R. Mill Prod.-R,8175268772799530,ح . نوردوقطعات‌ فولادي‌
546,IRO1FVAN0001,N2,فلزات اساسي,فهرست اوليه,FVAN1,Kaavian Steel,20253580805051293,فولادكاويان‌
547,IRR1FVAN0101,N2,فلزات اساسي,فهرست اوليه,FVAX1,Kaavian Steel-R,48473870645523269,ح . فولادكاويان‌
548,IRO1FOLD0001,N1,فلزات اساسي,تابلو اصلي,FOLD1,Mobarakeh Steel,46348559193224090,فولاد مباركه اصفهان
549,IRR1FOLD0101,N1,فلزات اساسي,تابلو اصلي,FOLX1,Mobarakeh Steel-R,37018498887928862,ح . فولاد مباركه اصفهان
550,IRO1FAIR0001,N1,فلزات اساسي,تابلو فرعي,FAIR1,Iran Fold,40808043719554948,فولاد آلياژي ايران
551,IRR1FAIR0101,N1,فلزات اساسي,تابلو فرعي,FAIX1,Iran Fold-R,53249498382937694,ح.فولاد آلياژي ايران
552,IRO1GPRS0001,N2,قند و شكر,فهرست اوليه,GPRS1,Pars Sugar,47477233032133723,قندپارس‌
553,IRR1GPRS0101,N2,قند و شكر,فهرست اوليه,GPRX1,Pars Sugar-R,41727358876253319,ح . قندپارس‌
554,IRO1GPSH0001,N2,قند و شكر,فهرست اوليه,GPSH1,Piranshahr S.,67030488744129337,فرآورده‌هاي‌غدايي‌وقندپيرانشهر
555,IRR1GPSH0101,N2,قند و شكر,فهرست اوليه,GPSX1,Piranshahr S.-R,42230292145842208,ح . قندپيرانشهر
556,IRO1GSBE0001,N2,قند و شكر,فهرست اوليه,GSBE1,Sabet Khorasan,44967158778304588,قند ثابت‌ خراسان‌
557,IRR1GSBE0101,N2,قند و شكر,فهرست اوليه,GSBX1,Sabet Khorasan-R,49384226669172647,ح . قند ثابت‌ خراسان‌
558,IRO1GTOR0001,N2,قند و شكر,فهرست اوليه,GTOR1,Torbate Jaam S.,60021765857012878,فرآوردههاي غذايي وقندتربت‌جام‌
559,IRR1GTOR0101,N2,قند و شكر,فهرست اوليه,GTOX1,Torbate Jaam S.-R,37451083085805929,ح .غذايي و قنتربت‌جام‌
560,IRO1GGAZ0001,N2,قند و شكر,فهرست اوليه,GGAZ1,Ghazvin Sugar,15259343650667588,كارخانجات‌ قند قزوين‌
561,IRR1GGAZ0101,N2,قند و شكر,فهرست اوليه,GGAX1,Ghazvin Sugar-R,55042339780346549,ح . كارخانجات‌ قند قزوين‌
562,IRO1GGOH0001,N2,قند و شكر,فهرست اوليه,GGOH1,Ghohestan Sugar,24683827262592815,قند قهستان‌
563,IRR1GGOH0101,N2,قند و شكر,فهرست اوليه,GGOX1,Ghohestan Sugar-R,71944697706421313,ح . قند قهستان‌
564,IRO1GBIS0001,N2,قند و شكر,فهرست اوليه,GBIS1,Bisotun Sugar,33634705189692362,قند بيستون‌
565,IRR1GBIS0101,N2,قند و شكر,فهرست اوليه,GBIX1,Bisotun Sugar-R,54071352171589816,ح . قند بيستون‌
566,IRO1GSHI0001,N2,قند و شكر,فهرست اوليه,GSHI1,Shirin Khorasan,30535783752961355,قند شيرين‌ خراسان‌
567,IRR1GSHI0101,N2,قند و شكر,فهرست اوليه,GSHX1,Shirin Khorasan-R,28678187324376436,ح . قند شيرين‌ خراسان‌
568,IRO1SHKR0001,N2,قند و شكر,فهرست اوليه,SHKR1,Shahroud Sugar,35964395659427029,شكرشاهرود
569,IRR1SHKR0101,N2,قند و شكر,فهرست اوليه,SHKX1,Shahroud Sugar-R,20381036241470518,ح . ‌ شكرشاهرود
570,IRO1GHND0001,N2,قند و شكر,فهرست اوليه,GHND1,Khoy Sugar Co.,37631109616997982,شهد
571,IRR1GHND0101,N2,قند و شكر,فهرست اوليه,GHNX1,Khoy Sugar Co.-R,42965645001665951,ح . شهد
572,IRO1GBJN0001,N2,قند و شكر,فهرست اوليه,GBJN1,S.Q.B. Sugar,18356933039391862,قندشيروان‌ ،قوچان‌ وبجنورد
573,IRR1GBJN0101,N2,قند و شكر,فهرست اوليه,GBJX1,S.Q.B. Sugar-R,47752890804996793,ح . قندشيروان‌ ،قوچان‌ وبجنورد
574,IRO1GESF0001,N2,قند و شكر,فهرست اوليه,GESF1,Isfahan Sugar,40411537531154482,قنداصفهان‌
575,IRR1GESF0101,N2,قند و شكر,فهرست اوليه,GESX1,Isfahan Sugar-R,17197203950543191,ح . قنداصفهان‌
576,IRO1GLOR0001,N2,قند و شكر,فهرست اوليه,GLOR1,Lorestan Sugar,56820995669577571,قند لرستان‌
577,IRR1GLOR0101,N2,قند و شكر,فهرست اوليه,GLOX1,Lorestan Sugar-R,47415456025309183,ح . قند لرستان‌
578,IRO1GMRO0001,N2,قند و شكر,فهرست اوليه,GMRO1,Marvdasht Sugar,43342306308122676,قند مرودشت‌
579,IRR1GMRO0101,N2,قند و شكر,فهرست اوليه,GMRX1,Marvdasht Sugar-R,57007700552650971,ح . قند مرودشت‌
580,IRO1GNJN0001,N2,قند و شكر,فهرست اوليه,GNJN1,Naghsh Jahan S.,34454945407422432,قندنقش‌جهان‌
581,IRR1GNJN0101,N2,قند و شكر,فهرست اوليه,GNJX1,Naghsh Jahan S.-R,64635313423278212,ح . قندنقش‌جهان‌
582,IRO1GNBO0001,N2,قند و شكر,فهرست اوليه,GNBO1,Neyshabour S.,63380098535169030,قند  نيشابور
583,IRR1GNBO0101,N2,قند و شكر,فهرست اوليه,GNBX1,Neyshabour S.-R,55205982891279789,ح . قند نيشابور
584,IRO1GHEG0001,N2,قند و شكر,فهرست اوليه,GHEG1,Hegmatan Sugar,14398278072324784,قندهكمتان‌
585,IRR1GHEG0101,N2,قند و شكر,فهرست اوليه,GHEX1,Hegmatan Sugar-R,49762562284200125,ح . قندهكمتان‌
586,IRO1ABGN0001,N2,ساير محصولات كاني غيرفلزي,فهرست اوليه,ABGN1,Abgineh,56040335629505100,آبگينه‌
587,IRR1ABGN0101,N2,ساير محصولات كاني غيرفلزي,فهرست اوليه,ABGX1,Abgineh-R,47134988689244518,ح . آبگينه‌
588,IRO1NSAZ0001,N2,ساير محصولات كاني غيرفلزي,فهرست اوليه,NSAZ1,Azar Refract.,49353447565507376,فرآورده‌هاي‌نسوزآذر
589,IRR1NSAZ0101,N2,ساير محصولات كاني غيرفلزي,فهرست اوليه,NSAX1,Azar Refract.-R,25896842749407120,ح . فرآورده‌هاي‌نسوزآذر
590,IRO1KESF0001,N2,كاشي و سراميك,فهرست اوليه,KESF1,Isfahan Tile,55747512772958281,كاشي‌ اصفهان‌
591,IRR1KESF0101,N2,كاشي و سراميك,فهرست اوليه,KESX1,Isfahan Tile-R,57576691407491832,ح . كاشي‌ اصفهان‌
592,IRO1KALA0001,N1,فعاليتهاي كمكي به نهادهاي مالي واسط,تابلو فرعي,KALA1,Commodity Exch.,44549439964296944,بورس كالاي ايران
593,IRO1BAMA0001,N1,استخراج کانه هاي فلزي,تابلو فرعي,BAMA1,Bama,4942127026063388,باما
594,IRR1BAMA0101,N1,استخراج کانه هاي فلزي,تابلو فرعي,BAMX1,Bama-R,58330599921175874,ح . باما
595,IRO1KVEH0001,N2,فلزات اساسي,فهرست اوليه,KVEH1,Kaveh Company,60350996279289099,فولاد كاوه جنوب كيش
596,IRR1KVEH0101,N2,فلزات اساسي,فهرست اوليه,KVEX1,Kaveh Company-R,59525964192678026,ح .فولاد كاوه جنوب كيش
597,IRO1ITAL0001,N2,ساير محصولات كاني غيرفلزي,فهرست اوليه,ITAL1,Italran,13196430375349226,ايتالران‌
598,IRR1ITAL0101,N2,ساير محصولات كاني غيرفلزي,فهرست اوليه,ITAX1,Italran-R,24117226355581020,ح . ايتالران‌
599,IRO1IRGC0001,N2,سيمان، آهك و گچ,فهرست اوليه,IRGC1,Iran Chalk,37369138117139150,ايران‌ گچ‌
600,IRR1IRGC0101,N2,سيمان، آهك و گچ,فهرست اوليه,IRGX1,Iran Chalk-R,51800153073527165,ح . ايران‌ گچ‌
601,IRO1BAFG0001,N2,استخراج کانه هاي فلزي,فهرست اوليه,BAFG1,Bafgh Mining,43256212620530446,معادن‌ بافق‌
602,IRR1BAFG0101,N2,استخراج کانه هاي فلزي,فهرست اوليه,BAFX1,Bafgh Mining-R,40029719755707991,ح . معادن‌ بافق‌
603,IRO1KBRS0001,N1,فعاليتهاي كمكي به نهادهاي مالي واسط,تابلو اصلي,KBRS1,TSE Brokers,37366608481858080,كارگزاران بورس اوراق بهادار
604,IRO1KPRS0001,N2,كاشي و سراميك,فهرست اوليه,KPRS1,Pars Tile,9698674686691945,كاشي‌ پارس‌
605,IRR1KPRS0101,N2,كاشي و سراميك,فهرست اوليه,KPRX1,Pars Tile-R,58024357149774390,ح . كاشي‌ پارس‌
606,IRO1PSIR0001,N2,ساير محصولات كاني غيرفلزي,فهرست اوليه,PSIR1,Iran Glass Wool,57639364758870873,پشم‌شيشه‌ايران‌
607,IRR1PSIR0101,N2,ساير محصولات كاني غيرفلزي,فهرست اوليه,PSIX1,Iran Glass Wool-R,5920319552619760,ح . پشم‌شيشه‌ايران‌
608,IRO1TKSM0001,N2,كاشي و سراميك,فهرست اوليه,TKSM1,Takceram,24085906177899789,توليدي‌ كاشي‌ تكسرام‌
609,IRR1TKSM0101,N2,كاشي و سراميك,فهرست اوليه,TKSX1,Takceram-R,36019565007303075,ح . توليدي‌ كاشي‌ تكسرام‌
610,IRO1CHML0001,N1,استخراج کانه هاي فلزي,تابلو اصلي,CHML1,Chadormalu,18027801615184692,معدني‌وصنعتي‌چادرملو
611,IRR1CHML0101,N1,استخراج کانه هاي فلزي,تابلو اصلي,CHMX1,Chadormalu-R,43356599956782034,ح . معدني‌وصنعتي‌چادرملو
612,IRO1CHIR0001,N1,كاشي و سراميك,تابلو فرعي,CHIR1,Irana Tile,55376450081365373,چيني‌ ايران
613,IRR1CHIR0101,N1,كاشي و سراميك,تابلو فرعي,CHIX1,Irana Tile-R,44034797904823034,ح . چيني‌ ايران
614,IRO1KHFZ0001,N2,كاشي و سراميك,فهرست اوليه,KHFZ1,Hafez Tile,32257753560585502,كاشي‌ وسراميك‌ حافظ‌
615,IRR1KHFZ0101,N2,كاشي و سراميك,فهرست اوليه,KHFX1,Hafez Tile-R,29075808594290931,ح . كاشي‌ وسراميك‌ حافظ‌
616,IRO1KCHI0001,N2,ساير محصولات كاني غيرفلزي,فهرست اوليه,KCHI1,Iran China Clay,16405556680571453,صنايع‌خاك‌چيني‌ايران‌
617,IRR1KCHI0101,N2,ساير محصولات كاني غيرفلزي,فهرست اوليه,KCHX1,Iran China Clay-R,56572417882819500,ح . صنايع‌خاك‌چيني‌ايران‌
618,IRO1DMVN0001,N2,استخراج کانه هاي فلزي,فهرست اوليه,DMVN1,Damavand Min.,3623921205367364,معدني‌ دماوند
619,IRR1DMVN0101,N2,استخراج کانه هاي فلزي,فهرست اوليه,DMVX1,Damavand Min.-R,28711499450482077,ح . معدني‌ دماوند
620,IRO1TSRZ0001,N1,ساير محصولات كاني غيرفلزي,تابلو فرعي,TSRZ1,Razi P. Glasses,57086055330734195,كارخانجات‌توليدي‌شيشه‌رازي‌
621,IRR1TSRZ0101,N1,ساير محصولات كاني غيرفلزي,تابلو فرعي,TSRX1,Razi P. Glasses-R,41733197666474598,ح . ‌توليدي‌شيشه‌رازي‌
622,IRO1PKER0001,N1,محصولات شيميايي,تابلو اصلي,PKER1,Kermanshah Petr,38437201078089290,صنايع پتروشيمي كرمانشاه
623,IRR1PKER0101,N1,محصولات شيميايي,تابلو اصلي,PKEX1,Kermanshah Petr-R,66733343177003497,ح. صنايع پتروشيمي كرمانشاه
624,IRO1ROOI0001,N1,استخراج کانه هاي فلزي,تابلو اصلي,ROOI1,Iran Zinc Mines,22787503301679573,توسعه‌ معادن‌ روي‌ ايران‌
625,IRR1ROOI0101,N1,استخراج کانه هاي فلزي,تابلو اصلي,ROOX1,Iran Zinc Mines-R,29184718087541648,ح . توسعه‌ معادن‌ روي‌ ايران‌
626,IRO1SISH0001,N2,ساير محصولات كاني غيرفلزي,فهرست اوليه,SISH1,Saipa Glass,28325731560106431,سايپاشيشه‌
627,IRR1SISH0101,N2,ساير محصولات كاني غيرفلزي,فهرست اوليه,SISX1,Saipa Glass-R,25879082553156895,ح . سايپاشيشه‌
628,IRO1SINA0001,N1,كاشي و سراميك,تابلو فرعي,SINA1,Sina Tile,25001509088465005,صنايع‌ كاشي‌ و سراميك‌ سينا
629,IRR1SINA0101,N1,كاشي و سراميك,تابلو فرعي,SINX1,Sina Tile-R,13482565247432073,ح . صنايع‌ كاشي‌ وسراميك‌ سينا
630,IRO1ARDK0001,N1,ساير محصولات كاني غيرفلزي,تابلو فرعي,ARDK1,Ardekan Ceramic,4614779520007780,سراميك‌هاي‌صنعتي‌اردكان‌
631,IRR1ARDK0101,N1,ساير محصولات كاني غيرفلزي,تابلو فرعي,ARDX1,Ardekan Ceramic-R,20044076668988655,ح . سراميك‌هاي‌صنعتي‌اردكان‌
632,IRO1PSER0001,N2,ساير محصولات كاني غيرفلزي,فهرست اوليه,PSER1,Pars Ceram,20560887114747719,پارس‌ سرام‌
633,IRR1PSER0101,N2,ساير محصولات كاني غيرفلزي,فهرست اوليه,PSEX1,Pars Ceram-R,9866485009925582,ح . پارس‌ سرام‌
634,IRO1KSAD0001,N2,كاشي و سراميك,فهرست اوليه,KSAD1,Saadi Tile,29122854902865456,كاشي‌ سعدي‌
635,IRR1KSAD0101,N2,كاشي و سراميك,فهرست اوليه,KSAX1,Saadi Tile-R,1314853494617240,ح . كاشي‌ سعدي‌
636,IRO1TBAS0001,N2,استخراج زغال سنگ,فهرست اوليه,TBAS1,Negin Tabas L.,8977369674477111,ذغال‌سنگ‌ نگين‌ ط‌بس‌
637,IRR1TBAS0101,N2,استخراج زغال سنگ,فهرست اوليه,TBAX1,Negin Tabas L.-R,10168197471714005,ح . ذغال‌سنگ‌ نگين‌ ط‌بس‌
638,IRO1NSPS0001,N2,ساير محصولات كاني غيرفلزي,فهرست اوليه,NSPS1,Pars Refract.,19471788163911687,فرآورده‌هاي‌ نسوز پارس‌
639,IRR1NSPS0101,N2,ساير محصولات كاني غيرفلزي,فهرست اوليه,NSPX1,Pars Refract.-R,65836038919989820,ح . فرآورده‌هاي‌ نسوز پارس‌
640,IRO1NASI0001,N2,ساير محصولات كاني غيرفلزي,فهرست اوليه,NASI1,Iran Refract.,23837844039713715,فراورده‌ هاي‌ نسوزايران‌
641,IRR1NASI0101,N2,ساير محصولات كاني غيرفلزي,فهرست اوليه,NASX1,Iran Refract.-R,20622681776256207,ح . فراورده‌ هاي‌ نسوزايران‌
642,IRO1SHQZ0001,N2,ساير محصولات كاني غيرفلزي,فهرست اوليه,SHQZ1,Ghazvin Glass,13279867471688540,شيشه‌ قزوين‌
643,IRR1SHQZ0101,N2,ساير محصولات كاني غيرفلزي,فهرست اوليه,SHQX1,Ghazvin Glass-R,140099686459313,ح . شيشه‌ قزوين‌
644,IRO1SGAZ0001,N2,ساير محصولات كاني غيرفلزي,فهرست اوليه,SGAZ1,Glass and Gas,62346804681275278,شيشه‌ و گاز
645,IRR1SGAZ0101,N2,ساير محصولات كاني غيرفلزي,فهرست اوليه,SGAX1,Glass and Gas-R,30561102210568623,ح . شيشه‌ و گاز
646,IRO1GOLG0001,N1,استخراج کانه هاي فلزي,تابلو اصلي,GOLG1,Gol-E-Gohar.,35700344742885862,معدني و صنعتي گل گهر
647,IRR1GOLG0101,N1,استخراج کانه هاي فلزي,تابلو اصلي,GOLX1,Gol-E-Gohar.-R,62810990108260391,ح . معدني و صنعتي گل گهر
648,IRO1ALVN0001,N2,كاشي و سراميك,فهرست اوليه,ALVN1,Alvand Tile,32678431934327184,كاشي‌ الوند
649,IRR1ALVN0101,N2,كاشي و سراميك,فهرست اوليه,ALVX1,Alvand Tile-R,45727447257267582,ح . كاشي‌ الوند
650,IRO1TAMI0001,N2,استخراج ساير معادن,فهرست اوليه,TAMI1,Sand Foundry,67690708346979840,تامين‌ ماسه‌ ريخته‌گري‌
651,IRR1TAMI0101,N2,استخراج ساير معادن,فهرست اوليه,TAMX1,Sand Foundry-R,65916883530316213,ح . تامين‌ ماسه‌ ريخته‌گري‌
652,IRO1MNGZ0001,N2,استخراج کانه هاي فلزي,فهرست اوليه,MNGZ1,Iran Mn. Mines,50341528161302545,معادن‌منگنزايران‌
653,IRR1MNGZ0101,N2,استخراج کانه هاي فلزي,فهرست اوليه,MNGX1,Iran Mn. Mines-R,66630516232885208,ح . معادن‌منگنزايران‌
654,IRO1KNRZ0001,N2,استخراج کانه هاي فلزي,فهرست اوليه,KNRZ1,Saba Noor,20411759370751096,توسعه معدني و صنعتي صبانور
655,IRR1KNRZ0101,N2,استخراج کانه هاي فلزي,فهرست اوليه,KNRX1,Saba Noor-R,43501047082635150,ح توسعه معدني و صنعتي صبانور
656,IRO1NILO0001,N2,كاشي و سراميك,فهرست اوليه,NILO1,Nilou Tile,786234965064488,كاشي‌ نيلو
657,IRR1NILO0101,N2,كاشي و سراميك,فهرست اوليه,NILX1,Nilou Tile-R,42586304445866872,ح . كاشي‌ نيلو
658,IRO1BHSM0001,N2,كاشي و سراميك,فهرست اوليه,BHSM1,Behceram,11278802993290837,توليدي‌گرانيت‌بهسرام‌
659,IRR1BHSM0101,N2,كاشي و سراميك,فهرست اوليه,BHSX1,Behceram-R,55500657710269413,ح . توليدي‌گرانيت‌بهسرام‌
660,IRO1SHMD0001,N2,ساير محصولات كاني غيرفلزي,فهرست اوليه,SHMD1,Hamadan Glass,67206358287598044,شيشه‌ همدان‌
661,IRR1SHMD0101,N2,ساير محصولات كاني غيرفلزي,فهرست اوليه,SHMX1,Hamadan Glass-R,35955196754615835,ح . شيشه‌ همدان‌
662,IRO1VARZ0001,N2,ساير محصولات كاني غيرفلزي,فهرست اوليه,VARZ1,Varziran,58097053240000607,ورزيران‌
663,IRR1VARZ0101,N2,ساير محصولات كاني غيرفلزي,فهرست اوليه,VARX1,Varziran-R,56738062726001817,ح . ورزيران‌
664,IRO1ASAL0001,N2,ماشين آلات و تجهيزات,فهرست اوليه,ASAL1,Absal,63363116407864462,آبسال‌
665,IRR1ASAL0101,N2,ماشين آلات و تجهيزات,فهرست اوليه,ASAX1,Absal-R,43124071611770324,ح . آبسال‌
666,IRO1AZMA0001,N2,ماشين آلات و تجهيزات,فهرست اوليه,AZMA1,Azmayesh,59915902185156694,آزمايش‌
667,IRR1AZMA0101,N2,ماشين آلات و تجهيزات,فهرست اوليه,AZMX1,Azmayesh-R,21405564783526739,ح . آزمايش‌
668,IRO1TBHM0001,N2,ماشين آلات و تجهيزات,فهرست اوليه,TBHM1,Bahman Mfg.,23295417816476597,توليدي‌ بهمن‌
669,IRR1TBHM0101,N2,ماشين آلات و تجهيزات,فهرست اوليه,TBHX1,Bahman Mfg.-R,25524501289667446,ح . توليدي‌ بهمن‌
670,IRO1BOTA0001,N1,ماشين آلات و تجهيزات,تابلو فرعي,BOTA1,Butane Group,30650426998863332,گروه‌صنعتي‌بوتان‌
671,IRR1BOTA0101,N1,ماشين آلات و تجهيزات,تابلو فرعي,BOTX1,Butane Group-R,70528526190252660,ح . گروه‌صنعتي‌بوتان‌
672,IRO1PELC0001,N2,ساخت دستگاه‌ها و وسايل ارتباطي,فهرست اوليه,PELC1,Pars Electric,5187018329202415,پارس‌ الكتريك‌
673,IRR1PELC0101,N2,ساخت دستگاه‌ها و وسايل ارتباطي,فهرست اوليه,PELX1,Pars Electric-R,3388451018224720,ح . پارس‌ الكتريك‌
674,IRO1IRPO0001,N2,ماشين آلات و تجهيزات,فهرست اوليه,IRPO1,Iran Pouya,17393119378053108,ايران‌ پويا
675,IRR1IRPO0101,N2,ماشين آلات و تجهيزات,فهرست اوليه,IRPX1,Iran Pouya-R,13312547588339850,ح . ايران‌ پويا
676,IRO1PYAM0001,N2,ساخت دستگاه‌ها و وسايل ارتباطي,فهرست اوليه,PYAM1,Payam Ind.,38297715702941775,كارخانجات‌ صنعتي‌ پيام‌
677,IRR1PYAM0101,N2,ساخت دستگاه‌ها و وسايل ارتباطي,فهرست اوليه,PYAX1,Payam Ind.-R,10625146599769364,ح . كارخانجات‌ صنعتي‌ پيام‌
678,IRO1JJNM0001,N2,ساخت دستگاه‌ها و وسايل ارتباطي,فهرست اوليه,JJNM1,Jame Jahan Nema,67093405131120717,توليدي‌ جام‌ جهان‌ نما
679,IRR1JJNM0101,N2,ساخت دستگاه‌ها و وسايل ارتباطي,فهرست اوليه,JJNX1,Jame Jahan Nema-R,67621826314697621,ح . توليدي‌ جام‌ جهان‌ نما
680,IRO1LKPS0001,N2,ماشين آلات و تجهيزات,فهرست اوليه,LKPS1,Pars Alliance,43685510232615301,لوازم‌ خانگي‌ پارس‌
681,IRR1LKPS0101,N2,ماشين آلات و تجهيزات,فهرست اوليه,LKPX1,Pars Alliance-R,6912445055737597,ح . لوازم‌ خانگي‌ پارس‌
682,IRO1KHAZ0001,N1,ماشين آلات و تجهيزات,تابلو فرعي,KHAZ1,Pars Khazar,65414507129586385,پارس‌ خزر
683,IRR1KHAZ0101,N1,ماشين آلات و تجهيزات,تابلو فرعي,KHAX1,Pars Khazar-R,69377916525018465,ح . پارس‌ خزر
684,IRO1SRMA0001,N2,ماشين آلات و تجهيزات,فهرست اوليه,SRMA1,Sarma Afarin,55897939403232751,سرما آفرين‌
685,IRR1SRMA0101,N2,ماشين آلات و تجهيزات,فهرست اوليه,SRMX1,Sarma Afarin-R,244106582239634,ح . سرما آفرين‌
686,IRO1KMOA0001,N2,ساخت دستگاه‌ها و وسايل ارتباطي,فهرست اوليه,KMOA1,Iran Tele Fact.,21758758306221606,كارخانجات‌مخابراتي‌ايران‌
687,IRR1KMOA0101,N2,ساخت دستگاه‌ها و وسايل ارتباطي,فهرست اوليه,KMOX1,Iran Tele Fact.-R,46035314754119963,ح . كارخانجات‌مخابراتي‌ايران‌
688,IRO1SMRI0001,N2,ساخت دستگاه‌ها و وسايل ارتباطي,فهرست اوليه,SMRI1,Iran Tele.,36774567041364173,صنايع‌مخابراتي‌راه‌دورايران‌
689,IRR1SMRI0101,N2,ساخت دستگاه‌ها و وسايل ارتباطي,فهرست اوليه,SMRX1,Iran Tele.-R,57462267975967417,ح . ‌مخابراتي‌راه‌دورايران‌
690,IRO1LTOS0001,N2,فعاليتهاي كمكي به نهادهاي مالي واسط,فهرست اوليه,LTOS1,Lotos Investment,59142194115401696,تامين سرمايه لوتوس پارسيان
691,IRO1BVMA0001,N2,بيمه وصندوق بازنشستگي به جزتامين اجتماعي,فهرست اوليه,BVMA1,Bime Ma Co.,29860265627578401,بيمه  ما
692,IRR1BVMA0101,N2,بيمه وصندوق بازنشستگي به جزتامين اجتماعي,فهرست اوليه,BVMX1,Bime Ma Co-R,13461179188856487,ح . بيمه  ما
693,IRO1MOBN0001,N2,عرضه برق، گاز، بخاروآب گرم,فهرست اوليه,MOBN1,Mobin Petr.,27922860956133067,پتروشيمي مبين
694,IRO1DADE0001,N1,رايانه و فعاليت‌هاي وابسته به آن,تابلو فرعي,DADE1,DPI,65999092673039059,داده‌پردازي‌ايران‌
695,IRR1DADE0101,N1,رايانه و فعاليت‌هاي وابسته به آن,تابلو فرعي,DADX1,DPI-R,12639781184165880,ح . داده‌پردازي‌ايران‌
696,IRO1IAGM0001,N1,رايانه و فعاليت‌هاي وابسته به آن,تابلو فرعي,IAGM1,Iran Argham,23838634016123354,ايران‌ارقام‌
697,IRR1IAGM0101,N1,رايانه و فعاليت‌هاي وابسته به آن,تابلو فرعي,IAGX1,Iran Argham-R,66546619320950880,ح . ايران‌ارقام‌
698,IRO1BMEL0001,N1,بيمه وصندوق بازنشستگي به جزتامين اجتماعي,تابلو فرعي,BMEL1,Mellat Insur.,13611044044646901,بيمه ملت
699,IRR1BMEL0101,N1,بيمه وصندوق بازنشستگي به جزتامين اجتماعي,تابلو فرعي,BMEX1,Mellat Insur-R,5811747532754081,ح. بيمه ملت
700,IRO1BROJ0001,N2,منسوجات,فهرست اوليه,BROJ1,Boroujerd T.,60061422939859083,نساجي‌ بروجرد
701,IRR1BROJ0101,N2,منسوجات,فهرست اوليه,BROX1,Boroujerd T.-R,55943815270366220,ح . نساجي‌ بروجرد
702,IRO1NBRS0001,N1,فعاليتهاي كمكي به نهادهاي مالي واسط,تابلو اصلي,NBRS1,TSE financial,60095061789823130,نهادهاي مالي بورس اوراق بهادار
703,IRO1PTOS0001,N2,منسوجات,فهرست اوليه,PTOS1,Tous Woolen,71499289762741257,پشم‌ بافي‌ توس‌
704,IRR1PTOS0101,N2,منسوجات,فهرست اوليه,PTOX1,Tous Woolen-R,29112217893232632,ح . پشم‌ بافي‌ توس‌
705,IRO1NKLA0001,N1,فعاليتهاي كمكي به نهادهاي مالي واسط,تابلو فرعي,NKLA1,Good Exch.Ins.,10919655792568926,نهادهاي مالي بورس كالاي ايران
706,IRO1MRIN0001,N2,منسوجات,فهرست اوليه,MRIN1,Iranmerinos,30231789123900526,ايران‌ مرينوس‌
707,IRR1MRIN0101,N2,منسوجات,فهرست اوليه,MRIX1,Iranmerinos-R,2855515398698068,ح . ايران‌ مرينوس‌
708,IRO1HWEB0001,N2,اطلاعات و ارتباطات,فهرست اوليه,HWEB1,HiWeb,43362635835198978,داده گسترعصرنوين-هاي وب
709,IRO1HMRZ0001,N2,مخابرات,فهرست اوليه,HMRZ1,Iran Mobil Tele,68635710163497089,شركت ارتباطات سيار ايران
710,IRR1HMRZ0101,N2,مخابرات,فهرست اوليه,HMRX1,Iran Mobil Tele-R,25328018826422512,ح . شركت ارتباطات سيار ايران
711,IRO1TAZB0001,N2,انبوه سازي، املاك و مستغلات,فهرست اوليه,TAZB1,Azarbayjan Inv.,1358190916156744,سرمايه‌گذاري‌توسعه‌آذربايجان‌
712,IRR1TAZB0101,N2,انبوه سازي، املاك و مستغلات,فهرست اوليه,TAZX1,Azarbayjan Inv.-R,48981174642799639,ح . ‌توسعه‌آذربايجان‌
713,IRO1KARA0001,N2,ماشين آلات و تجهيزات,فهرست اوليه,KARA1,Karafarin Inv.,29244787813932382,سرمايه‌گذاري‌كارآفرين‌(هلدينگ‌
714,IRR1KARA0101,N2,ماشين آلات و تجهيزات,فهرست اوليه,KARX1,Karafarin Inv.-R,38203540900047502,ح . ‌كارآفرين‌(هلدينگ‌
715,IRO1ATDM0001,N2,سرمايه گذاريها,فهرست اوليه,ATDM1,Atye Damavand,33541897671561960,سرمايه‌ گذاري‌ آتيه‌ دماوند
716,IRR1ATDM0101,N2,سرمايه گذاريها,فهرست اوليه,ATDX1,Atye Damavand-R,61399677811943715,ح . سرمايه‌ گذاري‌آتيه‌ دماوند
717,IRO1IDOC0001,N2,سرمايه گذاريها,فهرست اوليه,IDOC1,Iran Motorcycle,47841327496247362,سرمايه گذاري اعتبار ايران
718,IRR1IDOC0101,N2,سرمايه گذاريها,فهرست اوليه,IDOX1,Iran Motorcycle-R,7619581461589857,ح.سرمايه گذاري اعتبار ايران
719,IRO1ALBZ0001,N1,مواد و محصولات دارويي,تابلو اصلي,ALBZ1,Alborz Inv.,57944184894703821,سرمايه‌ گذاري‌ البرز(هلدينگ‌
720,IRR1ALBZ0101,N1,مواد و محصولات دارويي,تابلو اصلي,ALBX1,Alborz Inv.-R,38188825207508209,ح . سرمايه گذاري‌البرز(هلدينگ‌
721,IRO1OIMC0001,N1,شرکتهاي چند رشته اي صنعتي,تابلو اصلي,OIMC1,Omid Inv. Mng.,52232388263291380,گروه مديريت سرمايه گذاري اميد
722,IRR1OIMC0101,N1,شرکتهاي چند رشته اي صنعتي,تابلو اصلي,OIMX1,Omid Inv. Mng.-R,36293785932444419,ح.گروه مديريت سرمايه گذار اميد
723,IRO1BANS0001,N1,بانكها و موسسات اعتباري,تابلو اصلي,BANS1,Ansar Bank,49776615757150035,بانك انصار
724,IRR1BANS0101,N1,بانكها و موسسات اعتباري,تابلو اصلي,BNAX1,Ansar Bank-R,56271726572478068,ح.بانك انصار
725,IRO1LIRZ0001,N1,ساير واسطه گريهاي مالي,تابلو فرعي,LIRZ1,Iranian Lizing,3149396562827132,ليزينگ ايرانيان
726,IRO1BANK0001,N1,شرکتهاي چند رشته اي صنعتي,تابلو اصلي,BANK1,Bank Melli Inv.,48010225447410247,سرمايه گذاري گروه توسعه ملي
727,IRR1BANK0101,N1,شرکتهاي چند رشته اي صنعتي,تابلو اصلي,BANX1,Bank Melli Inv.-R,8279693426955446,ح. سرمايه گذاري گروه توسعه ملي
728,IRO1TSBE0001,N1,محصولات غذايي و آشاميدني به جز قند و شكر,تابلو اصلي,TSBE1,Behshahr Inv.,13937270451301973,توسعه‌ صنايع‌ بهشهر(هلدينگ
729,IRR1TSBE0101,N1,محصولات غذايي و آشاميدني به جز قند و شكر,تابلو اصلي,TSBX1,Behshahr Inv.-R,62275280734625819,ح . صنايع‌ بهشهر(هلدينگ
730,IRO1BSDR0001,N1,بانكها و موسسات اعتباري,تابلو اصلي,BSDR1,Saderat Bank,28320293733348826,بانك صادرات ايران
731,IRO1BMLT0001,N1,بانكها و موسسات اعتباري,تابلو اصلي,BMLT1,Mellat Bank,778253364357513,بانك ملت
732,IRR1BMLT0101,N1,بانكها و موسسات اعتباري,تابلو اصلي,BMLX1,Mellat Bank - R,25043059770705816,ح . بانك ملت
733,IRO1SBAH0001,N1,سرمايه گذاريها,تابلو اصلي,SBAH1,Bahman Inv.,18063426072758458,سرمايه‌گذاري‌بهمن‌
734,IRR1SBAH0101,N1,سرمايه گذاريها,تابلو اصلي,SBAX1,Bahman Inv.-R,58198007384583512,ح . سرمايه‌گذاري‌بهمن‌
735,IRO1BALI0001,N1,سرمايه گذاريها,تابلو فرعي,BALI1,Buali Inv.,28328710198554144,سرمايه‌گذاري‌بوعلي‌
736,IRR1BALI0101,N2,سرمايه گذاريها,فهرست اوليه,BALX1,Buali Inv.-R,23185568638908069,ح . سرمايه‌گذاري‌بوعلي‌
737,IRO1BIME0001,N1,سرمايه گذاريها,تابلو فرعي,BIME1,Insurance Inv.,11773403764702778,سرمايه‌ گذاري‌ صنعت‌ بيمه‌
738,IRR1BIME0101,N1,سرمايه گذاريها,تابلو فرعي,BIMX1,Insurance Inv.-R,59735609117437896,ح . سرمايه‌ گذاري‌ صنعت‌ بيمه‌
739,IRO1BPAR0001,N1,بانكها و موسسات اعتباري,تابلو اصلي,BPAR1,Parsian Bank,33293588228706998,بانك‌پارسيان‌
740,IRR1BPAR0101,N1,بانكها و موسسات اعتباري,تابلو اصلي,BPAX1,Parsian Bank-R,19853987870179776,ح . بانك‌پارسيان‌
741,IRO1BPAS0001,N1,بانكها و موسسات اعتباري,تابلو اصلي,BPAS1,Pasargad Bank,9536587154100457,بانك  پاسارگاد
742,IRR1BPAS0101,N1,بانكها و موسسات اعتباري,تابلو اصلي,BPSX1,Pasargad Bank -R,53374821490063799,ح.بانك پاسارگاد
743,IRO1PETR0001,N1,محصولات شيميايي,تابلو فرعي,PETR1,Petro. Inv.,59486059679335017,سرمايه‌گذاري صنايع پتروشيمي‌
744,IRR1PETR0101,N1,محصولات شيميايي,تابلو فرعي,PETX1,Petro. Inv.-R,31435545119454895,ح . سرمايه‌ گذاري‌ پتروشيمي‌
745,IRO1DARO0001,N1,مواد و محصولات دارويي,تابلو اصلي,DARO1,Daroupakhsh,7183333492448248,داروپخش‌ (هلدينگ‌
746,IRR1DARO0101,N1,مواد و محصولات دارويي,تابلو اصلي,DARX1,Daroupakhsh-R,67979306676078989,ح . داروپخش‌ (هلدينگ‌
747,IRO1BPST0001,N1,بانكها و موسسات اعتباري,تابلو فرعي,BPST1,Post Bank,22087269603540841,پست بانك ايران
748,IRO1BTEJ0001,N1,بانكها و موسسات اعتباري,تابلو اصلي,BTEJ1,Tejarat Bank,63917421733088077,بانك تجارت
749,IRR1BTEJ0101,N1,بانكها و موسسات اعتباري,تابلو اصلي,BTEX1,Tejarat Bank-R,57027493672958737,ح . بانك تجارت
750,IRO1TGOS0001,N2,انبوه سازي، املاك و مستغلات,فهرست اوليه,TGOS1,Toosgostar Inv.,68117765376081366,توسعه‌شهري‌توس‌گستر
751,IRR1TGOS0101,N2,انبوه سازي، املاك و مستغلات,تابلو فرعي,TGOX1,Toosgostar Inv.-R,46270513972980340,ح . توسعه‌شهري‌توس‌گستر
752,IRO1TMEL0001,N1,سرمايه گذاريها,تابلو فرعي,TMEL1,Tosee Melli Inv,17528249960294496,سرمايه‌گذاري‌توسعه‌ملي‌
753,IRR1TMEL0101,N1,سرمايه گذاريها,تابلو فرعي,TMEX1,Tosee Melli Inv-R,2362491091971813,ح . سرمايه‌گذاري‌توسعه‌ملي‌
754,IRO1TSHE0001,N1,ماشين آلات و تجهيزات,تابلو اصلي,TSHE1,Pars Tousheh,54676885047867737,سرمايه‌ گذاري‌ پارس‌ توشه‌
755,IRR1TSHE0101,N1,ماشين آلات و تجهيزات,تابلو اصلي,TSHX1,Pars Tousheh-R,63689155520282158,ح . سرمايه‌ گذاري‌ پارس‌ توشه‌
756,IRO1TOSA0001,N1,سرمايه گذاريها,تابلو اصلي,TOSA1,Iran Ind. Dev.,2944500421562364,گروه س توسعه صنعتي ايران
757,IRR1TOSA0101,N1,سرمايه گذاريها,تابلو اصلي,TOSX1,Iran Ind. Dev.-R,20278348345530119,ح. سرمايه‌گذاري توسعه‌صنعتي
758,IRO1TOKA0001,N1,فلزات اساسي,تابلو اصلي,TOKA1,Tukafoolad Inv.,47232550823972469,سرمايه‌گذاري‌توكافولاد(هلدينگ
759,IRR1TOKA0101,N1,فلزات اساسي,تابلو اصلي,TOKX1,Tukafoolad Inv.-R,25387056990464790,ح . ‌توكافولاد(هلدينگ‌
760,IRO1IKHR0001,N1,سرمايه گذاريها,تابلو اصلي,IKHR1,Kharazmy Invest,7395271748414592,سرمايه گذاري خوارزمي
761,IRR1IKHR0101,N1,سرمايه گذاريها,تابلو اصلي,IKHX1,Kharazmy Invest-R,27729386420118206,ح.سرمايه گذاري خوارزمي
762,IRO1BKHZ0001,N2,بانكها و موسسات اعتباري,فهرست اوليه,BKHZ1,Bank of M.E.,47333458678352378,بانك خاورميانه
763,IRR1BKHZ0101,N2,بانكها و موسسات اعتباري,فهرست اوليه,BKHX1,Bank of M.E.-R,25661711955019337,ح . بانك خاورميانه
764,IRO1RENA0001,N1,خودرو و ساخت قطعات,تابلو فرعي,RENA1,Rena Investment,7385624172574740,سرمايه‌گذاري‌ رنا(هلدينگ‌
765,IRR1RENA0101,N1,خودرو و ساخت قطعات,تابلو فرعي,RENX1,Rena Investment-R,55274159604040834,ح . سرمايه‌گذاري‌ رنا(هلدينگ‌
766,IRO1SSAP0001,N2,سرمايه گذاريها,فهرست اوليه,SSAP1,Saipa Inv.,37614886280396031,سرمايه‌گذاري‌ سايپا
767,IRR1SSAP0101,N2,سرمايه گذاريها,فهرست اوليه,SSAX1,Saipa Inv.-R,26643740599997035,ح . سرمايه‌گذاري‌ سايپا
768,IRO1SAKH0001,N1,انبوه سازي، املاك و مستغلات,تابلو اصلي,SAKH1,Iran Const. Inv,25514780181345713,سرمايه‌ گذاري‌ ساختمان‌ايران‌
769,IRR1SAKH0101,N1,انبوه سازي، املاك و مستغلات,تابلو اصلي,SAKX1,Iran Const. Inv-R,3679885359158219,ح . سرمايه‌ گذاري‌ ساختمان‌
770,IRO1SPAH0001,N1,سرمايه گذاريها,تابلو اصلي,SPAH1,Sepah Inv.,2328862017676109,سرمايه‌گذاري‌ سپه‌
771,IRR1SPAH0101,N1,سرمايه گذاريها,تابلو اصلي,SPAX1,Sepah Inv.-R,54287510798838485,ح . سرمايه‌گذاري‌ سپه‌
772,IRO1SDID0001,N2,فلزات اساسي,فهرست اوليه,SDID1,Sadid Group,61276682443262105,گروه‌صنعتي‌سديد(هلدينگ‌
773,IRR1SDID0101,N2,فلزات اساسي,فهرست اوليه,SDIX1,Sadid Group-R,17153727206566342,ح . گروه‌صنعتي‌سديد(هلدينگ‌
774,IRO1SKBV0001,N2,سرمايه گذاريها,فهرست اوليه,SKBV1,Banks Employees,11258722998911897,سرمايه گذاري نور كوثر ايرانيان
775,IRR1SKBV0101,N2,سرمايه گذاريها,فهرست اوليه,SKBX1,Banks Employees-R,5818838554339991,ح.سرمايه گذاري نوركوثرايرانيان
776,IRO1VSIN0001,N1,بانكها و موسسات اعتباري,تابلو فرعي,VSIN1,Sina Fin. Ins.,45050389997905274,بانك سينا
777,IRR1VSIN0101,N1,بانكها و موسسات اعتباري,تابلو فرعي,VSIX1,Sina Fin. Ins.-R,10814280156273322,ح . بانك سينا
778,IRO1GBEH0001,N1,سرمايه گذاريها,تابلو فرعي,GBEH1,Behshahr Group,46982154647719707,گروه‌صنايع‌بهشهرايران‌
779,IRR1GBEH0101,N1,سرمايه گذاريها,تابلو فرعي,GBEX1,Behshahr Group-R,15406006540387078,ح . ‌گروه‌صنايع‌بهشهرايران‌
780,IRO1SAND0001,N1,شرکتهاي چند رشته اي صنعتي,تابلو اصلي,SAND1,Pension Fund,37204371816016200,سرمايه‌گذاري‌صندوق‌بازنشستگي‌
781,IRR1SAND0101,N1,شرکتهاي چند رشته اي صنعتي,تابلو اصلي,SANX1,Pension Fund-R,39419948282087552,ح.سرمايه گذاري صندوق بازنشستگي
782,IRO1SNMA0001,N1,سرمايه گذاريها,تابلو اصلي,SNMA1,Ind. & Mine Inv,57309221039930244,سرمايه گذاري توسعه صنعت وتجارت
783,IRR1SNMA0101,N1,سرمايه گذاريها,تابلو اصلي,SNMX1,Ind. & Mine Inv-R,43740308126125261,ح . سرمايه‌ گذاري‌صنعت‌ ومعدن‌
784,IRO1GDIR0001,N1,شرکتهاي چند رشته اي صنعتي,تابلو اصلي,GDIR1,Ghadir Inv.,26014913469567886,سرمايه‌گذاري‌غدير(هلدينگ‌
785,IRR1GDIR0101,N1,شرکتهاي چند رشته اي صنعتي,تابلو اصلي,GDIX1,Ghadir Inv.-R,30756584974640550,ح . سرمايه‌گذاري‌غدير(هلدينگ‌
786,IRO1KRAF0001,N1,بانكها و موسسات اعتباري,تابلو اصلي,KRAF1,Karafarin Bank,47996917271187218,بانك‌ كارآفرين‌
787,IRR1KRAF0101,N1,بانكها و موسسات اعتباري,تابلو اصلي,KRAX1,Karafarin Bank-R,56772105873719945,ح . بانك‌ كارآفرين‌
788,IRO1LPRS0001,N2,ساير واسطه گريهاي مالي,فهرست اوليه,LPRS1,Parsian leasing,48241092863917835,ليزينگ پارسيان
789,IRO1RSAP0001,N1,ساير واسطه گريهاي مالي,تابلو اصلي,RSAP1,Rayan Saipa,45174198424472334,ليزينگ رايان‌ سايپا
790,IRR1RSAP0101,N1,ساير واسطه گريهاي مالي,تابلو اصلي,RSAX1,Rayan Saipa-R,59957747873181306,ح . ليزينگ رايان‌ سايپا
791,IRO1LSMD0001,N1,ساير واسطه گريهاي مالي,تابلو اصلي,LSMD1,Ind. & M. L.,71744682148776880,ليزينگ‌صنعت‌ومعدن‌
792,IRR1LSMD0101,N1,ساير واسطه گريهاي مالي,تابلو اصلي,LSMX1,Ind. & M. L.-R,19216138630342675,ح . ليزينگ‌صنعت‌ومعدن‌
793,IRO1LKGH0001,N1,ساير واسطه گريهاي مالي,تابلو فرعي,LKGH1,Ghadir Kh. L.,23086515493897579,ليزينگ‌خودروغدير
794,IRR1LKGH0101,N1,ساير واسطه گريهاي مالي,تابلو فرعي,LKGX1,Ghadir Kh. L.-R,59430351461797798,ح . ليزينگ‌خودروغدير
795,IRO1VLMT0001,N2,ساير واسطه گريهاي مالي,فهرست اوليه,VLMT1,Mellat Leasing,11403770140000603,واسپاري ملت
796,IRO1LZIN0001,N1,ساير واسطه گريهاي مالي,تابلو اصلي,LZIN1,Leasing Iran,20946530370469828,ليزينگ‌ايران‌
797,IRR1LZIN0101,N1,ساير واسطه گريهاي مالي,تابلو اصلي,LZIX1,Leasing Iran-R,34731841379388186,ح . ليزينگ‌ايران‌
798,IRO1MADN0001,N1,استخراج کانه هاي فلزي,تابلو اصلي,MADN1,Metals & Min.,58931793851445922,توسعه‌معادن‌وفلزات‌
799,IRR1MADN0101,N1,استخراج کانه هاي فلزي,تابلو اصلي,MADX1,Metals & Min.-R,66240430785255272,ح . توسعه‌معادن‌وفلزات‌
800,IRO1MOIN0001,N1,واسطه‌گري‌هاي مالي و پولي,تابلو فرعي,MOIN1,Moein Mellat Co,57498323844693360,سرمايه گذاري توسعه معين ملت
801,IRO1MELT0001,N2,سرمايه گذاريها,فهرست اوليه,MELT1,Melat Inv.,6626302649460766,سرمايه‌گذاري‌ملت‌
802,IRR1MELT0101,N2,سرمايه گذاريها,فهرست اوليه,MELX1,Melat Inv.-R,62074720294882247,ح . سرمايه‌گذاري‌ملت‌
803,IRO1GMEL0001,N2,دباغي، پرداخت چرم و ساخت انواع پاپوش,فهرست اوليه,GMEL1,Melli Ind. Grp.,41796741644273824,گروه‌ صنعتي‌ ملي‌ (هلدينگ‌
804,IRR1GMEL0101,N2,دباغي، پرداخت چرم و ساخت انواع پاپوش,فهرست اوليه,GMEX1,Melli Ind. Grp.-R,3852548583453231,ح . گروه‌ صنعتي‌ ملي‌ (هلدينگ‌
805,IRO1NAFT0001,N1,فراورده هاي نفتي، كك و سوخت هسته اي,تابلو اصلي,NAFT1,Oil Ind. Inv.,33931218652865616,سرمايه‌گذاري‌ صنعت‌ نفت‌
806,IRR1NAFT0101,N1,فراورده هاي نفتي، كك و سوخت هسته اي,تابلو اصلي,NAFX1,Oil Ind. Inv.-R,3893110467363738,ح . سرمايه‌گذاري‌ صنعت‌ نفت‌
807,IRO1NOVN0001,N1,بانكها و موسسات اعتباري,تابلو اصلي,NOVN1,EN Bank,47302318535715632,بانك‌اقتصادنوين‌
808,IRR1NOVN0101,N1,بانكها و موسسات اعتباري,تابلو اصلي,NOVX1,EN Bank-R,70657803623349012,ح . بانك‌اقتصادنوين‌
809,IRO1SNRO0001,N1,عرضه برق، گاز، بخاروآب گرم,تابلو فرعي,SNRO1,Nirou Inv.,62603302940123327,سرمايه‌گذاري‌نيرو
810,IRR1SNRO0101,N1,عرضه برق، گاز، بخاروآب گرم,تابلو فرعي,SNRX1,Nirou Inv.-R,59061939785593482,ح . سرمايه‌گذاري‌نيرو
811,IRO1NIKI0001,N1,سرمايه گذاريها,تابلو اصلي,NIKI1,Iran N. Inv.,25336820825905643,سرمايه‌گذاري‌ ملي‌ايران‌
812,IRR1NIKI0101,N1,سرمايه گذاريها,تابلو اصلي,NIKX1,Iran N. Inv.-R,26090464295830176,ح . سرمايه‌گذاري‌ ملي‌ايران‌
